amean_y1,amean_y2,amean_y3,amean_y4,amean_y5,amean_y6,amean_y7,amean_y8,amean_y9,amean_y10,amean_y11,amean_y12,amean_y13,amean_y14,amean_y15,amean_y16,k0,k1,k2,k3,ward91,cquint,region91,lungc3064,cpm3064,allmort3064,lungc65pls,cpm65pls,allmort65pls,pop3064,pop65pls,exp_lungc3064,exp_cpm_3064,exp_all_3064,exp_lungc65pls,exp_cpm_65pls,exp_all_65pls,RR_lungc3064,RR_cpm3064,RR_allmort3064,RR_lungc65pls,RR_cpm65pls,RR_allmort65pls,cscore                                                                                                                                                                    
49,31,26,40,34,54,39,30,14,,20,17,16,14,12,14,37,39,17,14,01ABFQ,4,5,4,38,73,29,170,300,4771,1601,9.895,45.474,99.778,19.883,225.384,364.837,0.404,0.836,0.732,1.459,0.754,0.822,1.599
54,44,37,37,42,43,39,34,26,32,31,25,27,24,20,21,43,40,29,23,01ACFB,5,5,6,35,84,27,279,461,3420,1089,7.093,32.597,71.524,13.525,153.306,248.162,0.846,1.074,1.174,1.996,1.82,1.858,8.123
94,40,51,44,,90,63,60,53,59,40,42,47,35,25,30,57,71,49,34,01ACFN,5,5,3,12,33,9,111,175,2107,621,4.37,20.083,44.064,7.712,87.422,141.514,0.686,0.598,0.749,1.167,1.27,1.237,5.413
76,53,60,47,52,47,36,36,23,37,31,23,26,24,20,21,59,43,29,23,01AEFW,5,5,4,23,49,18,162,275,4368,1368,9.06,41.633,91.349,16.99,192.583,311.741,0.442,0.552,0.536,1.059,0.841,0.882,6.857
54,46,55,49,44,42,37,35,26,32,25,21,23,19,18,,51,40,26,20,01AFFE,5,5,16,37,114,24,375,553,4104,1581,8.512,39.117,85.828,19.635,222.568,360.28,1.88,0.946,1.328,1.222,1.685,1.535,7.772
83,71,76,64,65,69,44,42,33,42,30,37,33,27,26,,74,55,36,29,01AFFR,5,5,9,29,70,29,239,391,3250,904,6.741,30.977,67.968,11.227,127.262,206.004,1.335,0.936,1.03,2.583,1.878,1.898,3.646
95,58,41,91,78,83,74,54,50,56,55,51,19,16,13,11,71,72,53,15,01AGFQ,3,5,8,19,60,14,179,314,2377,911,4.93,22.656,49.711,11.314,128.248,207.599,1.623,0.839,1.207,1.237,1.396,1.513,-0.609
81,80,28,60,49,43,37,35,29,33,31,24,23,21,18,19,62,41,29,20,01AHFJ,5,5,19,68,149,29,203,341,5010,1305,10.391,47.752,104.776,16.207,183.714,297.385,1.828,1.424,1.422,1.789,1.105,1.147,8.809
71,76,77,71,75,73,65,59,52,67,46,31,29,29,25,29,74,68,49,28,01AJFD,4,5,2,8,26,15,176,275,3174,1375,6.583,30.253,66.379,17.076,193.568,313.336,0.304,0.264,0.392,0.878,0.909,0.878,0.773
97,69,65,64,60,66,53,50,39,49,25,20,19,19,17,16,74,57,33,18,01AJFL,5,5,11,81,172,32,322,500,3929,959,8.149,37.449,82.169,11.91,135.005,218.538,1.35,2.163,2.093,2.687,2.385,2.288,7.561
61,55,39,37,43,41,44,35,23,35,30,34,31,25,22,26,48,41,31,26,01AJFS,5,5,11,43,116,24,271,443,3760,1046,7.799,35.838,78.634,12.991,147.253,238.363,1.411,1.2,1.475,1.847,1.84,1.859,9.233
75,84,66,63,84,82,45,59,51,54,44,33,36,40,28,36,72,68,46,35,01ALFF,5,5,7,44,85,25,141,254,3483,1615,7.224,33.198,72.841,20.057,227.355,368.028,0.969,1.325,1.167,1.246,0.62,0.69,9.028
88,90,76,64,67,66,59,53,41,40,41,31,61,54,33,31,80,61,38,45,01ALFG,5,5,11,70,142,31,261,469,3925,1330,8.141,37.411,82.085,16.518,187.233,303.082,1.351,1.871,1.73,1.877,1.394,1.547,8.81
43,52,40,43,49,44,32,29,21,22,21,20,37,36,20,19,45,39,21,28,01ALFY,4,5,21,52,137,39,310,518,3505,1168,7.27,33.407,73.301,14.506,164.427,266.165,2.889,1.557,1.869,2.689,1.885,1.946,1.394
72,61,72,62,55,55,54,53,38,44,38,31,36,29,23,29,67,54,38,29,01APFY,5,5,24,88,216,52,474,834,4230,1377,8.773,40.318,88.463,17.101,193.85,313.792,2.736,2.183,2.442,3.041,2.445,2.658,7.55
51,51,47,45,38,41,42,30,27,38,28,44,46,67,25,25,49,38,34,41,02AQFR,5,5,7,24,68,17,300,465,2015,1094,4.179,19.206,42.14,13.587,154.01,249.302,1.675,1.25,1.614,1.251,1.948,1.865,4.56
42,41,45,22,40,42,40,36,28,36,41,32,,43,23,25,38,40,34,30,02AQFT,5,5,6,24,66,18,281,422,3371,1972,6.992,32.13,70.499,24.491,277.612,449.381,0.858,0.747,0.936,0.735,1.012,0.939,4.501
40,42,41,41,40,41,37,36,31,35,33,25,30,26,24,,41,39,31,27,02ARFH,2,5,18,76,173,41,329,588,6632,2426,13.755,63.212,138.697,30.129,341.525,552.839,1.309,1.202,1.247,1.361,0.963,1.064,-1.597
43,50,34,36,26,31,30,26,28,36,37,23,27,40,23,21,41,28,31,28,02ARFJ,3,5,6,40,108,29,298,519,5876,2200,12.187,56.006,122.887,27.322,309.709,501.338,0.492,0.714,0.879,1.061,0.962,1.035,-1.121
50,43,52,42,41,42,35,37,28,37,36,24,26,25,26,17,47,39,31,24,02ARFK,3,5,13,34,77,31,264,454,6216,2381,12.892,59.247,129.997,29.57,335.19,542.584,1.008,0.574,0.592,1.048,0.788,0.837,-1.15
56,52,53,44,37,33,34,34,25,26,24,20,19,20,19,,51,35,24,19,02ASFK,4,5,5,26,61,19,151,308,4735,1696,9.821,45.131,99.025,21.063,238.758,386.486,0.509,0.576,0.616,0.902,0.632,0.797,0.015
62,52,47,41,42,34,36,38,44,45,39,34,34,30,25,,51,38,41,30,02ASFN,4,5,7,40,89,22,144,239,3993,1499,8.282,38.059,83.507,18.616,211.025,341.593,0.845,1.051,1.066,1.182,0.682,0.7,1.971
53,52,42,33,30,34,28,28,24,29,25,20,24,25,23,27,45,30,25,25,02AUFH,2,5,2,24,58,16,112,193,3368,1295,6.985,32.102,70.436,16.083,182.306,295.106,0.286,0.748,0.823,0.995,0.614,0.654,-1.631
,70,35,35,32,29,27,20,38,50,27,15,16,27,24,24,47,27,33,23,02AXFM,5,5,6,67,125,22,195,321,4375,663,9.074,41.7,91.496,8.234,93.335,151.085,0.661,1.607,1.366,2.672,2.089,2.125,11.354
49,48,57,56,40,37,34,40,27,32,28,13,13,19,23,25,53,38,25,20,02AXFX,4,5,3,21,49,18,142,251,5410,1735,11.221,51.565,113.141,21.547,244.248,395.373,0.267,0.407,0.433,0.835,0.581,0.635,0.458
31,31,25,40,43,39,30,19,,27,20,21,24,22,16,17,32,33,23,20,02AYFD,4,5,7,23,54,13,103,178,3320,1264,6.886,31.644,69.432,15.698,177.942,288.041,1.017,0.727,0.778,0.828,0.579,0.618,1.336
59,40,38,50,47,42,31,25,18,22,20,19,14,16,13,14,47,36,20,14,02AYFZ,4,5,0,0,0,0,0,0,2991,876,6.204,28.508,62.552,10.879,123.321,199.624,0,0,0,0,0,0,0.552
31,29,31,29,32,27,27,27,19,24,19,17,18,15,11,12,30,28,20,14,02AZFK,5,5,10,19,51,16,154,256,2469,1207,5.121,23.533,51.635,14.99,169.918,275.052,1.953,0.807,0.988,1.067,0.906,0.931,5.974
88,86,87,75,72,67,54,,24,33,27,22,26,23,19,19,84,64,27,22,02AZFZ,5,5,6,37,63,21,230,355,2647,895,5.49,25.229,55.358,11.115,125.995,203.953,1.093,1.467,1.138,1.889,1.825,1.741,3.518
41,39,38,44,38,43,35,32,26,28,22,17,17,13,10,11,41,37,23,13,02AZGC,5,5,24,62,142,49,367,590,3072,1123,6.372,29.28,64.246,13.947,158.092,255.91,3.767,2.117,2.21,3.513,2.321,2.305,4.985
30,30,27,26,25,27,24,21,17,21,18,14,17,14,12,12,28,24,18,14,02AZGD,4,5,1,9,18,0,46,74,1494,392,3.099,14.24,31.245,4.868,55.185,89.329,0.323,0.632,0.576,0,0.834,0.828,0.094
41,34,25,33,34,37,31,28,22,29,27,23,24,19,17,19,33,33,25,20,02AZGL,4,5,5,22,42,17,161,283,2810,1218,5.828,26.783,58.767,15.127,171.466,277.559,0.858,0.821,0.715,1.124,0.939,1.02,0.893
36,31,36,23,24,29,26,24,19,21,18,19,10,13,11,12,32,26,19,12,02BAFE,3,5,3,20,42,8,117,184,4236,1748,8.786,40.375,88.589,21.709,246.078,398.336,0.341,0.495,0.474,0.369,0.475,0.462,-0.254
36,29,39,39,36,33,31,31,17,23,25,20,18,17,14,13,36,33,21,16,02BBGA,4,5,23,76,165,38,304,518,5261,1209,10.912,50.144,110.025,15.015,170.199,275.508,2.108,1.516,1.5,2.531,1.786,1.88,0.588
31,33,31,31,27,29,24,25,18,21,21,16,21,18,11,,32,26,19,17,02BCFE,3,5,7,16,43,14,135,226,4478,1121,9.288,42.681,93.65,13.922,157.811,255.454,0.754,0.375,0.459,1.006,0.855,0.885,-0.648
35,37,45,41,39,62,31,30,23,27,26,20,21,20,15,,40,41,24,19,02BCGF,5,5,4,32,68,15,135,230,2852,926,5.915,27.183,59.645,11.5,130.359,211.018,0.676,1.177,1.14,1.304,1.036,1.09,2.579
40,33,48,52,37,46,23,25,21,25,31,,20,18,17,18,43,33,26,18,02BDFS,5,5,10,39,113,18,278,464,4865,1339,10.09,46.37,101.743,16.629,188.5,305.133,0.991,0.841,1.111,1.082,1.475,1.521,3.263
38,75,36,20,56,40,35,35,25,42,42,43,32,11,,,42,42,38,22,02BEFB,3,5,7,24,51,11,99,173,2491,896,5.167,23.743,52.095,11.128,126.136,204.181,1.355,1.011,0.979,0.989,0.785,0.847,-0.67
40,44,40,37,42,44,56,28,45,47,31,21,17,19,,,40,43,36,18,02BEFR,3,5,3,27,58,21,124,206,2986,1710,6.193,28.461,62.447,21.237,240.728,389.676,0.484,0.949,0.929,0.989,0.515,0.529,-1.123
38,36,34,34,35,22,35,41,31,36,21,20,18,13,10,,36,33,27,14,02BFFS,5,5,5,12,42,15,135,220,3427,1938,7.108,32.664,71.67,24.068,272.826,441.633,0.703,0.367,0.586,0.623,0.495,0.498,2.655
54,42,54,50,42,36,37,37,22,33,27,18,15,9,8,23,50,38,25,14,02BFFT,4,5,5,11,31,11,106,190,3320,1039,6.886,31.644,69.432,12.904,146.267,236.768,0.726,0.348,0.446,0.852,0.725,0.802,0.619
30,35,36,26,28,22,22,28,19,24,20,13,13,7,5,,32,25,19,8,02BFFU,1,5,10,27,73,20,200,338,3790,1503,7.861,36.124,79.262,18.666,211.588,342.505,1.272,0.747,0.921,1.071,0.945,0.987,-3.411
27,21,26,23,22,18,22,23,16,22,18,12,12,6,4,,24,21,17,7,02BFFW,2,5,3,12,49,9,145,225,4063,1448,8.427,38.726,84.971,17.983,203.845,329.972,0.356,0.31,0.577,0.5,0.711,0.682,-1.792
33,35,37,38,34,34,33,37,23,29,24,20,24,21,18,20,36,35,24,21,02BHFF,2,5,7,29,59,21,157,251,4171,1545,8.651,39.755,87.23,19.188,217.5,352.076,0.809,0.729,0.676,1.094,0.722,0.713,-2.051
43,42,45,45,36,35,32,31,21,26,24,20,23,20,19,22,44,34,23,21,02BHFK,3,5,11,36,70,15,134,214,4359,1640,9.041,41.547,91.161,20.368,230.874,373.725,1.217,0.866,0.768,0.736,0.58,0.573,-1.081
41,49,41,35,32,33,29,29,21,28,23,21,21,18,15,18,42,31,23,18,02BHFN,1,5,2,25,69,26,181,338,3948,1493,8.188,37.63,82.566,18.542,210.18,340.226,0.244,0.664,0.836,1.402,0.861,0.993,-2.966
28,27,28,26,26,24,21,22,13,18,15,12,17,14,9,,27,23,15,13,02BHFQ,3,5,2,29,69,17,178,315,2872,1242,5.957,27.374,60.063,15.425,174.845,283.028,0.336,1.059,1.149,1.102,1.018,1.113,-0.751
33,31,33,25,22,24,20,27,24,30,25,18,22,19,17,19,31,23,24,19,02BHFS,2,5,8,38,89,26,250,397,4582,1564,9.503,43.673,95.825,19.424,220.175,356.406,0.842,0.87,0.929,1.339,1.135,1.114,-2.318
37,37,36,34,29,25,23,21,14,20,15,,14,13,13,15,36,25,16,14,02BJFE,2,5,1,18,38,14,108,159,2744,1030,5.691,26.154,57.386,12.792,145,234.717,0.176,0.688,0.662,1.094,0.745,0.677,-1.972
28,26,26,22,20,26,23,23,16,21,19,16,17,15,14,21,26,23,18,17,02BJFW,3,5,7,30,90,15,210,322,3914,1745,8.118,37.306,81.855,21.672,245.656,397.652,0.862,0.804,1.1,0.692,0.855,0.81,-1.3
53,43,58,38,40,37,43,32,,28,21,15,15,14,14,13,48,38,21,14,02BKFD,3,5,4,5,35,11,106,187,4936,2313,10.238,47.047,103.228,28.726,325.617,527.088,0.391,0.106,0.339,0.383,0.326,0.355,-1.154
68,48,37,,55,47,44,43,43,43,36,33,28,29,23,22,51,47,39,26,02BKFM,5,5,8,31,88,12,141,245,4519,1822,9.373,43.072,94.507,22.628,256.495,415.199,0.854,0.72,0.931,0.53,0.55,0.59,5.36
90,99,49,106,91,74,38,27,38,37,32,29,27,33,17,17,86,58,34,24,03BLFB,3,8,13,59,131,19,256,400,5626,1785,11.669,53.623,117.658,22.168,251.287,406.767,1.114,1.1,1.113,0.857,1.019,0.983,-0.967
154,161,133,132,123,106,96,81,,83,60,46,54,49,33,32,145,102,63,42,03BLFD,5,8,22,93,180,23,303,468,6079,1859,12.608,57.941,127.132,23.087,261.704,423.631,1.745,1.605,1.416,0.996,1.158,1.105,3.268
,,119,119,109,104,87,61,49,49,46,41,41,38,21,24,119,90,46,31,03BLFJ,3,8,11,72,141,27,464,720,7548,2885,15.655,71.943,157.854,35.83,406.141,657.436,0.703,1.001,0.893,0.754,1.142,1.095,-0.766
141,134,163,143,115,109,96,83,55,49,46,42,45,43,23,27,145,101,48,35,03BLFL,5,8,12,88,158,28,327,502,4714,1971,9.777,44.931,98.586,24.478,277.471,449.153,1.227,1.959,1.603,1.144,1.179,1.118,4.007
99,265,146,142,136,96,83,56,53,45,43,36,36,34,19,19,163,93,44,27,03BLFP,4,8,17,92,167,27,433,710,6254,2473,12.971,59.609,130.792,30.713,348.141,563.549,1.311,1.543,1.277,0.879,1.244,1.26,0.362
130,147,130,119,67,67,60,46,39,35,41,35,34,37,20,18,132,60,38,27,03BLFQ,2,8,5,69,126,16,305,441,7193,2023,14.919,68.559,150.43,25.124,284.792,461.003,0.335,1.006,0.838,0.637,1.071,0.957,-2.07
134,145,102,108,96,71,81,69,60,52,36,27,53,52,30,30,122,79,44,41,03BLFW,3,8,10,47,93,13,164,256,4592,1099,9.524,43.768,96.034,13.649,154.714,250.441,1.05,1.074,0.968,0.952,1.06,1.022,-0.547
186,172,144,117,110,83,66,71,53,43,47,25,34,41,29,35,155,83,42,35,03BMFK,4,8,6,51,103,30,232,382,4095,1476,8.493,39.031,85.64,18.331,207.787,336.352,0.706,1.307,1.203,1.637,1.117,1.136,2.326
118,122,106,112,100,87,68,55,46,41,27,,19,32,35,24,115,78,38,28,03BMFL,2,8,12,37,94,26,279,427,6417,1824,13.309,61.163,134.201,22.653,256.777,415.655,0.902,0.605,0.7,1.148,1.087,1.027,-1.715
69,67,62,55,61,37,34,37,30,16,12,17,22,18,14,21,63,42,19,19,03BNFC,5,8,17,71,138,36,404,657,4550,2038,9.437,43.368,95.156,25.31,286.903,464.421,1.801,1.637,1.45,1.422,1.408,1.415,4.092
179,218,160,128,102,77,71,60,61,58,56,45,35,28,17,24,171,78,55,26,03BNFE,5,8,31,112,209,39,388,598,4325,2067,8.97,41.223,90.45,25.671,290.986,471.03,3.456,2.717,2.311,1.519,1.333,1.27,8.79
101,67,126,102,118,63,52,61,39,20,27,29,26,20,15,21,99,74,29,21,03BNFP,5,8,10,56,130,28,377,625,4705,2194,9.759,44.845,98.397,27.248,308.864,499.971,1.025,1.249,1.321,1.028,1.221,1.25,2.835
180,183,122,112,111,83,71,63,53,26,46,32,28,23,17,23,149,82,39,23,03BNFU,5,8,25,100,169,46,379,593,4419,2011,9.165,42.119,92.416,24.975,283.102,458.268,2.728,2.374,1.829,1.842,1.339,1.294,9.538
153,146,117,87,105,80,80,65,55,33,34,26,29,26,19,26,126,83,37,25,03BNFW,5,8,19,92,192,22,283,445,2674,858,5.546,25.487,55.922,10.656,120.787,195.522,3.426,3.61,3.433,2.065,2.343,2.276,12.316
61,56,56,47,71,41,34,36,33,32,31,26,26,23,17,22,55,46,31,22,03BNGG,5,8,21,56,130,44,365,587,4722,2187,9.794,45.007,98.753,27.161,307.879,498.375,2.144,1.244,1.316,1.62,1.186,1.178,4.366
150,134,128,113,114,73,62,42,24,23,19,13,13,15,10,12,131,73,20,13,03BPFA,5,8,16,94,175,28,308,468,3982,1647,8.259,37.954,83.277,20.454,231.859,375.32,1.937,2.477,2.101,1.369,1.328,1.247,10.309
200,195,160,158,118,79,81,64,58,48,41,30,29,32,23,25,178,86,44,27,03BPFE,5,8,13,68,133,26,418,618,3887,1846,8.062,37.048,81.29,22.926,259.874,420.668,1.613,1.835,1.636,1.134,1.608,1.469,15.315
135,171,183,137,119,96,89,86,36,37,35,29,25,24,15,19,157,98,34,21,03BPFH,4,8,21,50,125,28,216,343,4594,1636,9.528,43.787,96.076,20.318,230.311,372.813,2.204,1.142,1.301,1.378,0.938,0.92,1.7
182,176,136,97,92,57,55,40,28,22,22,16,17,18,12,15,148,61,22,16,03BPFJ,5,8,10,76,141,25,256,424,3709,1496,7.693,35.352,77.568,18.579,210.602,340.91,1.3,2.15,1.818,1.346,1.216,1.244,6.832
182,176,167,151,116,82,73,53,30,25,20,15,17,19,16,16,169,81,23,17,03BPFQ,5,8,10,52,106,12,218,328,3190,1120,6.616,30.405,66.714,13.91,157.67,255.227,1.511,1.71,1.589,0.863,1.383,1.285,6.303
150,141,110,103,73,54,41,36,30,26,25,19,20,22,17,17,126,51,25,19,03BPFR,5,8,13,74,139,22,295,461,4394,1513,9.114,41.881,91.893,18.79,212.995,344.784,1.426,1.767,1.513,1.171,1.385,1.337,11.656
161,172,137,145,120,78,74,39,47,25,19,16,17,17,13,13,154,78,27,15,03BPFU,4,8,11,63,130,26,340,544,5220,1891,10.827,49.754,109.168,23.485,266.209,430.923,1.016,1.266,1.191,1.107,1.277,1.262,1.475
184,154,134,130,120,100,83,86,55,26,72,47,38,23,14,15,151,97,50,23,03BQFM,4,8,16,64,115,30,263,432,4746,1601,9.844,45.236,99.255,19.883,225.384,364.837,1.625,1.415,1.159,1.509,1.167,1.184,2.297
269,229,153,119,109,89,65,50,28,57,49,43,32,26,16,,193,78,44,25,03BRFC,5,8,16,64,140,26,219,381,3853,1605,7.991,36.724,80.579,19.933,225.947,365.749,2.002,1.743,1.737,1.304,0.969,1.042,8.369
79,71,75,58,49,33,36,28,46,39,33,33,22,19,15,21,71,37,38,19,03BRFD,5,8,18,40,88,16,211,347,3592,1431,7.45,34.237,75.121,17.772,201.452,326.098,2.416,1.168,1.171,0.9,1.047,1.064,2.517
179,178,144,112,99,107,92,54,50,50,51,41,40,39,23,20,153,88,48,31,03BRFF,4,8,18,63,145,34,578,907,4927,2416,10.219,46.961,103.04,30.005,340.117,550.56,1.761,1.342,1.407,1.133,1.699,1.647,1.307
350,326,293,218,290,225,190,105,53,105,44,36,24,18,16,24,297,203,60,21,03BRFL,5,8,21,76,149,37,191,326,2568,923,5.326,24.477,53.705,11.463,129.937,210.334,3.943,3.105,2.774,3.228,1.47,1.55,7.892
123,113,89,,59,45,46,50,38,36,31,30,28,28,20,17,108,50,34,23,03BSFB,5,8,25,87,185,37,293,508,4052,1733,8.404,38.621,84.741,21.523,243.966,394.918,2.975,2.253,2.183,1.719,1.201,1.286,6.936
122,91,62,41,48,35,38,29,26,16,9,24,23,21,12,11,79,38,19,17,03BSFD,2,8,11,41,90,31,365,615,5600,2352,11.615,53.376,117.115,29.21,331.107,535.976,0.947,0.768,0.768,1.061,1.102,1.147,-2.117
60,63,61,54,53,28,48,33,26,28,26,24,25,23,14,13,60,41,26,19,03BSFM,2,8,17,53,142,22,192,372,6330,1903,13.129,60.333,132.381,23.634,267.898,433.657,1.295,0.878,1.073,0.931,0.717,0.858,-2.619
133,70,83,51,55,55,46,50,25,32,28,20,24,23,15,14,84,52,26,19,03BSFP,2,8,11,45,100,29,363,610,5653,2089,11.725,53.881,118.223,25.944,294.083,476.043,0.938,0.835,0.846,1.118,1.234,1.281,-1.92
137,127,132,90,,73,41,43,33,29,38,20,21,21,13,11,122,52,30,17,03BSFS,4,8,14,73,140,25,294,474,6588,2195,13.664,62.793,137.777,27.26,309.005,500.199,1.025,1.163,1.016,0.917,0.951,0.948,1.497
162,161,141,107,115,70,63,74,57,56,53,44,33,34,16,23,143,81,53,27,03BTFC,5,8,12,74,126,20,320,487,3971,1743,8.236,37.849,83.047,21.647,245.374,397.196,1.457,1.955,1.517,0.924,1.304,1.226,6.521
111,131,110,89,87,66,64,61,24,26,34,37,32,30,17,29,110,70,30,27,03BTFU,3,8,14,45,92,17,219,318,4760,1468,9.873,45.369,99.548,18.231,206.66,334.529,1.418,0.992,0.924,0.932,1.06,0.951,-0.206
131,130,113,103,66,53,47,39,33,36,37,31,34,28,21,23,119,51,34,27,03BUFW,3,8,7,46,100,36,257,406,3994,1771,8.284,38.068,83.528,21.994,249.316,403.577,0.845,1.208,1.197,1.637,1.031,1.006,-0.447
144,167,164,139,122,126,184,117,65,34,38,27,30,22,27,25,154,137,41,26,03BWFK,4,8,17,81,133,21,386,560,5862,2205,12.158,55.873,122.594,27.384,310.413,502.477,1.398,1.45,1.085,0.767,1.244,1.114,1.976
164,148,137,98,97,81,81,83,73,49,57,41,39,30,26,29,137,86,55,31,03BWFP,5,8,20,76,149,24,296,442,4819,1838,9.995,45.932,100.781,22.827,258.748,418.845,2.001,1.655,1.478,1.051,1.144,1.055,3.237
171,159,145,101,71,47,72,81,60,41,48,35,33,25,27,29,144,68,46,29,03BWFQ,4,8,14,72,136,25,500,778,5297,2233,10.986,50.488,110.778,27.732,314.355,508.858,1.274,1.426,1.228,0.901,1.591,1.529,1.248
,47,60,54,34,56,51,36,26,33,34,24,24,24,19,24,54,44,29,23,04BYFB,4,8,16,72,155,51,593,948,6012,3353,12.469,57.303,125.731,41.642,472.025,764.085,1.283,1.256,1.233,1.225,1.256,1.241,1.592
78,115,79,60,67,62,56,34,37,44,43,32,32,33,26,34,83,55,39,31,04BYFC,4,8,20,96,198,26,323,540,6772,2942,14.046,64.546,141.625,36.537,414.165,670.426,1.424,1.487,1.398,0.712,0.78,0.805,0.07
79,48,66,43,54,42,40,24,20,24,27,20,18,17,13,19,59,40,23,17,04BYFM,4,8,15,69,156,33,406,636,7773,2895,16.122,74.087,162.559,35.954,407.549,659.715,0.93,0.931,0.96,0.918,0.996,0.964,0.758
40,61,122,93,83,73,77,54,50,46,50,35,28,18,22,31,79,72,45,25,04BYFQ,5,8,21,89,196,58,312,538,2496,1135,5.177,23.79,52.2,14.096,159.782,258.645,4.056,3.741,3.755,4.115,1.953,2.08,13.958
113,104,75,49,49,35,23,29,30,25,28,22,20,20,16,15,85,34,26,18,04BZFH,4,8,13,76,142,31,308,473,4426,2093,9.18,42.186,92.562,25.993,294.646,476.955,1.416,1.802,1.534,1.193,1.045,0.992,1.144
,178,162,145,101,94,76,52,59,31,41,21,24,19,21,16,162,81,38,20,04CAFF,5,8,25,72,145,37,319,496,5086,1885,10.549,48.476,106.365,23.41,265.364,429.555,2.37,1.485,1.363,1.581,1.202,1.155,5.064
,,76,56,20,39,39,28,27,21,30,22,20,22,21,21,66,32,25,21,04CAFW,1,8,5,38,99,19,233,364,5550,2119,11.511,52.899,116.069,26.316,298.306,482.88,0.434,0.718,0.853,0.722,0.781,0.754,-2.927
88,91,94,84,91,68,79,55,68,32,28,16,14,16,15,15,89,73,36,15,04CAFX,5,8,17,63,129,19,121,200,4391,1242,9.107,41.852,91.83,15.425,174.845,283.028,1.867,1.505,1.405,1.232,0.692,0.707,5.641
152,154,165,103,113,108,93,65,41,33,38,22,34,30,20,21,144,95,34,26,04CBFC,5,8,38,92,206,38,372,606,5706,2062,11.835,54.386,119.332,25.608,290.282,469.89,3.211,1.692,1.726,1.484,1.282,1.29,8.045
87,77,112,56,68,54,46,31,23,24,27,20,24,21,16,19,83,50,24,20,04CBFT,5,8,25,104,190,53,465,730,6083,2350,12.617,57.979,127.216,29.185,330.826,535.52,1.982,1.794,1.494,1.816,1.406,1.363,5.878
78,75,91,63,57,41,41,24,21,16,23,16,19,18,11,14,77,41,19,16,04CBFY,2,8,16,69,140,37,447,702,6936,3081,14.386,66.109,145.055,38.264,433.733,702.101,1.112,1.044,0.965,0.967,1.031,1,-2.008
152,175,156,144,148,134,132,98,79,79,80,79,85,76,59,64,157,128,79,71,05CCFA,5,2,9,51,103,19,245,379,4232,1323,8.778,40.337,88.505,16.431,186.248,301.486,1.025,1.264,1.164,1.156,1.315,1.257,4.159
209,225,237,141,133,118,116,82,112,76,78,69,66,70,49,58,203,112,84,61,05CCFB,5,2,16,58,120,17,165,254,3514,1363,7.288,33.493,73.489,16.927,191.879,310.602,2.195,1.732,1.633,1.004,0.86,0.818,7.201
163,227,167,166,175,118,166,157,137,96,101,85,86,87,68,76,181,154,105,79,05CCFX,5,2,10,50,105,26,236,368,4419,1871,9.165,42.119,92.416,23.236,263.393,426.365,1.091,1.187,1.136,1.119,0.896,0.863,3.43
142,127,128,124,119,112,119,83,41,57,77,59,61,53,42,63,130,108,59,55,05CCFY,5,2,11,68,136,23,385,588,4317,1838,8.954,41.147,90.283,22.827,258.748,418.845,1.229,1.653,1.506,1.008,1.488,1.404,3.199
145,138,102,,76,39,109,77,55,56,67,44,44,47,27,37,128,75,56,39,05CEFH,5,2,12,57,114,35,360,593,4488,1973,9.308,42.777,93.859,24.503,277.753,449.609,1.289,1.333,1.215,1.428,1.296,1.319,5.203
165,151,140,124,112,92,107,100,88,93,93,68,44,55,38,36,145,103,86,43,05CEFJ,5,2,21,107,192,49,333,544,6131,2384,12.716,58.437,128.22,29.607,335.612,543.268,1.651,1.831,1.497,1.655,0.992,1.001,5.238
97,96,70,88,69,51,59,48,39,40,43,22,15,42,33,36,88,57,36,32,05CEFM,5,2,12,60,134,27,260,432,4479,2135,9.29,42.691,93.671,26.515,300.559,486.526,1.292,1.405,1.431,1.018,0.865,0.888,3.564
,211,112,81,92,81,75,33,47,43,51,36,38,40,27,37,135,70,44,36,05CFFY,4,2,14,72,136,20,210,337,4695,1912,9.738,44.75,98.188,23.746,269.165,435.708,1.438,1.609,1.385,0.842,0.78,0.773,1.825
139,145,160,108,98,88,63,53,50,39,37,28,55,59,58,56,138,76,39,57,05CGFE,5,2,21,89,171,40,507,833,5560,2480,11.532,52.994,116.278,30.8,349.127,565.145,1.821,1.679,1.471,1.299,1.452,1.474,7.63
61,66,70,47,44,40,28,31,35,30,26,18,17,20,17,,61,36,27,18,05CGFX,5,2,19,75,189,44,581,972,5175,2486,10.733,49.325,108.227,30.874,349.971,566.512,1.77,1.521,1.746,1.425,1.66,1.716,5.811
74,63,70,51,54,46,33,32,32,38,37,27,27,26,24,18,65,41,34,24,05CGGA,5,2,37,109,231,66,518,861,6050,3133,12.548,57.665,126.526,38.909,441.054,713.951,2.949,1.89,1.826,1.696,1.174,1.206,9.121
101,97,65,38,58,42,29,23,26,29,29,22,60,62,60,53,75,38,27,59,05CGGB,5,2,18,74,171,41,355,638,4830,2171,10.018,46.036,101.011,26.962,305.627,494.729,1.797,1.607,1.693,1.521,1.162,1.29,6.762
,,206,162,151,105,115,99,57,73,65,50,44,38,23,28,184,118,61,33,06CHFS,5,1,10,48,94,29,226,387,3537,1391,7.336,33.712,73.971,17.275,195.821,316.982,1.363,1.424,1.271,1.679,1.154,1.221,3.904
,,136,91,100,69,74,54,48,46,38,24,21,17,12,10,114,74,39,15,06CJFK,4,1,17,74,156,43,508,883,5144,2596,10.669,49.029,107.578,32.24,365.457,591.579,1.593,1.509,1.45,1.334,1.39,1.493,-0.061
107,114,112,89,84,74,67,55,54,45,40,32,24,27,20,25,106,70,43,24,06CJFR,5,1,12,56,127,37,316,527,2881,1568,5.975,27.46,60.251,19.473,220.738,357.317,2.008,2.039,2.108,1.9,1.432,1.475,7.577
48,179,165,156,121,98,113,84,57,62,53,43,26,20,14,17,137,104,54,19,06CJFS,5,1,9,44,95,29,185,320,4007,1665,8.311,38.192,83.8,20.678,234.393,379.422,1.083,1.152,1.134,1.402,0.789,0.843,3.351
241,169,136,124,124,121,120,102,51,50,48,32,24,23,17,16,168,117,45,20,06CJFY,5,1,26,56,124,35,314,541,4655,2009,9.655,44.368,97.352,24.95,282.821,457.813,2.693,1.262,1.274,1.403,1.11,1.182,2.562
116,122,133,105,87,69,67,59,36,38,31,15,20,17,12,15,119,71,30,16,06CJGA,2,1,10,36,95,23,211,342,6354,1912,13.179,60.562,132.883,23.746,269.165,435.708,0.759,0.594,0.715,0.969,0.784,0.785,-1.739
110,105,119,115,113,91,79,,50,47,52,47,29,24,13,16,112,94,49,21,06CKFB,4,1,14,49,107,29,157,300,3798,1802,7.877,36.2,79.429,22.379,253.68,410.641,1.777,1.354,1.347,1.296,0.619,0.731,1.251
85,95,80,73,86,93,71,50,27,25,30,28,21,20,11,16,83,75,28,17,06CKFH,5,1,22,82,159,24,254,387,3381,1720,7.012,32.226,70.708,21.361,242.136,391.955,3.137,2.545,2.249,1.124,1.049,0.987,5.369
150,150,137,153,125,116,120,76,54,49,48,44,34,25,20,21,148,109,49,25,06CKFL,4,1,15,41,100,24,325,530,4194,2029,8.699,39.975,87.711,25.199,285.636,462.37,1.724,1.026,1.14,0.952,1.138,1.146,0.783
246,246,210,204,179,174,148,121,93,64,54,69,62,42,23,27,227,156,70,39,06CKFT,5,1,18,66,134,30,274,436,3683,1722,7.639,35.104,77.024,21.386,242.418,392.411,2.356,1.88,1.74,1.403,1.13,1.111,4.286
116,128,125,106,91,43,91,70,53,46,37,35,33,33,25,29,119,74,43,30,06CLFC,5,1,27,77,168,25,197,352,3109,1508,6.448,29.633,65.02,18.728,212.291,343.644,4.187,2.598,2.584,1.335,0.928,1.024,7.695
,119,130,103,45,72,58,37,27,39,21,26,33,27,19,24,117,53,28,26,06CLFN,5,1,8,49,95,19,252,398,3478,1410,7.214,33.15,72.737,17.511,198.495,321.312,1.109,1.478,1.306,1.085,1.27,1.239,3.361
69,87,70,,59,50,57,44,36,41,33,26,27,26,19,16,75,53,34,22,07CNFW,5,7,22,133,257,36,372,623,7515,2361,15.587,71.628,157.164,29.322,332.374,538.027,1.411,1.857,1.635,1.228,1.119,1.158,14.309
53,45,47,35,34,32,33,28,22,22,22,20,21,19,15,11,45,32,22,17,07CNGL,1,7,17,75,206,38,572,925,14506,5288,30.087,138.262,303.369,65.673,744.428,1205.034,0.565,0.542,0.679,0.579,0.768,0.768,-3.361
76,73,62,52,44,43,44,37,27,30,26,19,21,20,16,19,66,42,26,19,07CNGN,1,7,15,75,194,42,624,964,13670,4917,28.353,130.294,285.885,61.065,692.2,1120.49,0.529,0.576,0.679,0.688,0.901,0.86,-3.239
85,53,63,60,48,43,40,28,33,30,32,25,14,21,16,12,65,40,30,16,07CRFD,5,7,17,67,142,22,295,456,5360,2081,11.117,51.088,112.096,25.844,292.957,474.22,1.529,1.311,1.267,0.851,1.007,0.962,3.351
62,52,46,31,38,33,36,28,19,16,19,19,15,21,14,16,48,34,18,17,07CRFK,1,7,9,30,101,22,304,433,5982,2134,12.407,57.017,125.104,26.503,300.418,486.298,0.725,0.526,0.807,0.83,1.012,0.89,-2.893
36,43,45,35,56,51,45,31,28,37,34,29,,30,16,24,40,46,32,23,07CRFY,1,7,4,42,93,11,156,256,6494,1658,13.469,61.897,135.811,20.591,233.408,377.827,0.297,0.679,0.685,0.534,0.668,0.678,-3.12
,56,59,49,38,40,32,28,24,32,30,22,23,21,14,17,55,35,27,19,07CSFA,4,7,6,54,105,27,310,478,4881,2023,10.124,46.523,102.078,25.124,284.792,461.003,0.593,1.161,1.029,1.075,1.089,1.037,0.794
,72,63,63,52,46,39,42,,32,28,17,16,15,10,13,66,45,26,14,07CSFB,5,7,15,66,144,29,369,584,5168,2396,10.719,49.258,108.08,29.757,337.301,546.003,1.399,1.34,1.332,0.975,1.094,1.07,3.212
71,57,45,31,36,31,34,32,25,31,32,18,18,18,14,16,51,33,27,17,07CSFG,4,7,9,72,146,22,195,337,5420,2057,11.242,51.66,113.35,25.546,289.578,468.751,0.801,1.394,1.288,0.861,0.673,0.719,0.82
87,89,86,69,69,32,34,39,34,39,39,31,31,29,21,29,83,44,36,28,07CSFJ,5,7,16,79,157,31,331,545,4778,2309,9.91,45.541,99.924,28.676,325.054,526.177,1.615,1.735,1.571,1.081,1.018,1.036,6.747
86,84,61,54,53,40,41,39,35,41,37,22,19,20,15,17,71,43,34,18,07CSFK,5,7,22,90,196,37,310,518,5261,2334,10.912,50.144,110.025,28.987,328.573,531.874,2.016,1.795,1.781,1.276,0.943,0.974,5.183
70,72,69,64,49,47,42,42,34,37,38,26,27,27,19,22,69,45,34,24,07CSFN,5,7,13,64,117,24,209,354,4482,1726,9.296,42.72,93.734,21.436,242.981,393.322,1.398,1.498,1.248,1.12,0.86,0.9,5.499
106,79,69,56,49,42,43,38,31,36,34,23,21,18,15,16,78,43,31,18,07CSFU,5,7,12,35,99,15,218,340,2962,1257,6.143,28.232,61.945,15.611,176.957,286.446,1.953,1.24,1.598,0.961,1.232,1.187,10.713
37,38,45,42,41,29,28,25,20,34,44,,16,14,9,15,41,31,33,14,07CTFM,1,7,8,19,63,9,158,269,6182,1998,12.822,58.923,129.286,24.814,281.272,455.306,0.624,0.322,0.487,0.363,0.562,0.591,-4.505
84,74,74,60,44,44,57,44,39,44,25,22,23,30,21,17,73,47,33,23,07CUFC,5,7,22,72,161,34,277,446,5569,2094,11.551,53.08,116.466,26.006,294.787,477.183,1.905,1.356,1.382,1.307,0.94,0.935,4.499
87,75,75,72,51,41,57,45,65,63,45,38,45,42,31,38,77,49,53,39,07CUFD,5,7,26,77,163,24,255,379,5295,1831,10.982,50.469,110.736,22.74,257.762,417.25,2.367,1.526,1.472,1.055,0.989,0.908,5.736
50,40,37,25,23,24,29,26,22,23,18,15,17,18,13,13,38,26,20,15,07CUFL,2,7,8,46,106,25,333,504,6647,2131,13.786,63.355,139.011,26.465,299.995,485.614,0.58,0.726,0.763,0.945,1.11,1.038,-2.223
98,75,72,54,41,46,55,39,31,38,31,25,27,25,20,21,75,45,31,23,07CUFM,5,7,16,72,149,18,335,511,5393,1940,11.186,51.403,112.786,24.093,273.107,442.089,1.43,1.401,1.321,0.747,1.227,1.156,6.731
,92,75,49,53,53,61,61,46,44,40,32,35,34,25,34,72,57,41,32,07CUFQ,5,7,20,83,149,38,290,480,4094,2009,8.491,39.021,85.619,24.95,282.821,457.813,2.355,2.127,1.74,1.523,1.025,1.048,6.921
106,99,92,83,64,57,63,52,45,42,15,28,32,32,22,28,95,59,33,29,07CUFR,5,7,12,60,135,23,262,430,4378,1560,9.08,41.728,91.559,19.374,219.612,355.494,1.322,1.438,1.474,1.187,1.193,1.21,7.345
154,156,134,134,111,91,50,33,32,33,36,28,33,30,21,24,145,71,32,27,08CXFF,5,2,18,86,168,27,318,493,5332,1767,11.059,50.821,111.51,21.945,248.753,402.666,1.628,1.692,1.507,1.23,1.278,1.224,12.499
66,69,77,59,59,51,28,21,23,25,34,21,24,16,22,15,68,40,26,19,08CXFG,4,2,14,76,151,25,421,679,5685,2163,11.791,54.186,118.892,26.863,304.5,492.906,1.187,1.403,1.27,0.931,1.383,1.378,0.203
83,85,79,75,69,52,30,23,23,28,26,20,19,21,19,12,81,44,24,18,08CXFL,5,2,15,72,152,25,614,884,6526,2585,13.535,62.202,136.48,32.104,363.908,589.072,1.108,1.158,1.114,0.779,1.687,1.501,5.259
87,99,91,81,75,62,53,56,53,48,49,37,37,38,31,31,90,62,47,34,08CXFQ,5,2,8,59,125,29,421,662,4833,2442,10.024,46.065,101.074,30.328,343.777,556.485,0.798,1.281,1.237,0.956,1.225,1.19,5.497
73,83,77,70,66,57,38,25,27,29,34,26,29,23,18,29,76,47,29,25,08CXFS,5,2,18,132,218,30,408,654,5657,2055,11.733,53.919,118.307,25.522,289.296,468.295,1.534,2.448,1.843,1.175,1.41,1.397,12.122
86,84,86,72,73,59,52,38,31,30,30,24,25,21,18,,82,56,29,21,08CXFU,4,2,11,97,178,31,300,469,7245,2279,15.027,69.055,151.517,28.303,320.83,519.341,0.732,1.405,1.175,1.095,0.935,0.903,0.449
92,85,65,60,62,47,38,34,29,35,33,32,27,23,20,20,76,45,32,23,08CXFY,3,2,23,72,148,24,440,663,6471,2770,13.421,61.677,135.33,34.401,389.952,631.23,1.714,1.167,1.094,0.698,1.128,1.05,-0.133
55,55,53,44,51,43,24,16,21,20,22,16,20,16,15,10,52,34,20,15,08CXFZ,4,2,23,68,141,42,351,519,5923,1993,12.285,56.454,123.87,24.752,280.568,454.167,1.872,1.205,1.138,1.697,1.251,1.143,1.321
109,94,91,84,68,59,40,24,27,28,29,24,26,23,18,16,95,48,27,21,08CXGB,5,2,25,94,193,31,403,618,5456,1772,11.316,52.003,114.103,22.007,249.457,403.805,2.209,1.808,1.691,1.409,1.616,1.53,6.627
138,143,134,119,88,82,49,33,30,30,37,28,30,23,19,21,134,63,31,23,08CXGD,5,2,15,100,175,30,275,442,5838,1582,12.108,55.644,122.092,19.647,222.709,360.508,1.239,1.797,1.433,1.527,1.235,1.226,17.724
85,68,72,63,69,56,40,23,25,24,23,19,23,20,22,18,72,47,23,21,08CXGG,4,2,14,97,176,32,368,548,6957,2190,14.429,66.31,145.494,27.198,308.301,499.059,0.97,1.463,1.21,1.177,1.194,1.098,1.994
106,121,97,92,76,66,61,46,33,36,29,20,20,18,13,22,104,62,30,18,08CYFB,3,2,11,38,90,25,263,446,5240,1743,10.868,49.944,109.586,21.647,245.374,397.196,1.012,0.761,0.821,1.155,1.072,1.123,-0.712
135,104,87,62,70,59,44,38,33,34,31,26,26,26,17,27,97,53,31,24,08CYFC,5,2,16,63,120,30,297,474,4343,1940,9.008,41.395,90.827,24.093,273.107,442.089,1.776,1.522,1.321,1.245,1.087,1.072,2.568
57,67,58,50,36,34,42,31,25,25,25,17,15,14,10,12,58,36,23,13,08CYFJ,2,2,15,50,100,23,481,703,4966,1703,10.3,47.333,103.856,21.15,239.743,388.081,1.456,1.056,0.963,1.087,2.006,1.811,-2.632
221,173,126,88,117,85,49,29,24,26,28,14,17,16,14,10,152,70,23,14,08CYFN,5,2,12,69,132,30,390,584,3799,1967,7.879,36.21,79.45,24.429,276.908,448.242,1.523,1.906,1.661,1.228,1.408,1.303,11.155
75,75,60,52,47,38,41,33,11,10,27,18,20,21,14,10,66,40,17,16,08CYFP,3,2,12,44,92,21,488,729,4755,2285,9.862,45.322,99.443,28.378,321.675,520.708,1.217,0.971,0.925,0.74,1.517,1.4,-0.964
120,124,89,71,56,53,41,32,32,34,32,24,26,25,19,16,101,46,31,22,08CYFS,5,2,19,59,126,35,453,682,4452,2010,9.234,42.434,93.106,24.963,282.961,458.041,2.058,1.39,1.353,1.402,1.601,1.489,4.567
93,88,79,72,75,65,53,45,,43,27,22,28,25,14,15,83,60,31,21,08CZFF,4,2,8,100,167,31,394,598,6529,2496,13.542,62.23,136.543,30.998,351.379,568.791,0.591,1.607,1.223,1,1.121,1.051,0.212
104,122,100,81,81,69,57,44,35,25,32,33,19,20,12,,102,63,31,17,08CZFG,4,2,11,69,135,23,370,558,5900,2319,12.237,56.235,123.389,28.8,326.462,528.456,0.899,1.227,1.094,0.799,1.133,1.056,0.191
158,199,179,147,129,111,96,66,59,42,59,49,37,36,22,29,171,101,52,31,08CZFJ,4,2,14,77,149,32,513,761,6779,2461,14.06,64.613,141.772,30.564,346.452,560.815,0.996,1.192,1.051,1.047,1.481,1.357,1.23
125,127,144,112,107,89,79,65,49,48,51,41,43,39,29,34,127,85,47,36,08CZFL,2,2,7,56,120,29,346,538,7661,2377,15.89,73.02,160.217,29.521,334.627,541.673,0.441,0.767,0.749,0.982,1.034,0.993,-2.104
56,61,68,45,34,32,33,33,32,30,37,30,29,25,10,12,58,33,32,19,08CZFU,2,2,11,56,141,16,394,614,7330,2623,15.203,69.865,153.295,32.576,369.258,597.732,0.724,0.802,0.92,0.491,1.067,1.027,-1.597
77,75,61,64,64,46,42,29,24,23,28,20,20,15,8,14,69,45,24,14,08DAFL,2,2,21,68,173,34,347,613,10335,3424,21.436,98.507,216.139,42.523,482.02,780.264,0.98,0.69,0.8,0.8,0.72,0.786,-2.398
176,175,145,122,115,76,53,39,30,27,30,22,22,22,16,19,155,71,27,20,08DAFM,5,2,29,93,209,56,447,745,7520,2612,15.597,71.676,157.268,32.439,367.709,595.225,1.859,1.298,1.329,1.726,1.216,1.252,8.521
77,68,58,46,53,30,32,22,30,28,25,18,19,18,13,17,62,34,25,17,08DAFP,2,2,13,74,148,40,448,713,9741,3495,20.204,92.845,203.717,43.405,492.015,796.444,0.643,0.797,0.726,0.922,0.911,0.895,-1.993
131,90,72,116,84,64,60,48,39,35,39,28,30,26,20,26,102,64,35,26,08DAFR,5,2,30,116,230,60,560,902,7262,3492,15.062,69.217,151.873,43.368,491.593,795.76,1.992,1.676,1.514,1.384,1.139,1.134,3.875
87,77,65,61,56,51,38,28,26,16,19,13,12,15,9,4,73,43,19,10,08DAFU,3,2,23,94,199,50,444,691,10262,3329,21.284,97.811,214.613,41.344,468.646,758.615,1.081,0.961,0.927,1.209,0.947,0.911,-1.095
109,86,110,88,65,56,53,43,43,31,34,26,26,23,16,20,98,54,34,21,08DAFW,3,2,22,128,225,43,532,824,10936,3722,22.682,104.235,228.708,46.224,523.971,848.173,0.97,1.228,0.984,0.93,1.015,0.972,-0.444
100,93,78,80,96,62,60,44,46,30,36,26,27,28,22,23,88,66,35,25,08DAGF,5,2,30,123,252,56,557,934,6129,2427,12.712,58.418,128.178,30.142,341.665,553.067,2.36,2.106,1.966,1.858,1.63,1.689,8.4
115,68,80,67,73,55,52,27,34,22,33,15,39,27,18,26,83,52,26,28,08DBFG,3,2,8,47,106,19,338,527,6561,2172,13.608,62.535,137.212,26.975,305.767,494.957,0.588,0.752,0.773,0.704,1.105,1.065,-0.923
212,184,155,164,196,106,94,81,61,45,58,45,,70,41,57,179,119,52,56,08DBFJ,4,2,15,96,195,34,433,619,6355,2451,13.181,60.572,132.904,30.44,345.044,558.536,1.138,1.585,1.467,1.117,1.255,1.108,2.003
89,82,54,,81,54,51,42,13,23,34,26,29,26,19,,75,57,24,25,08DBFK,3,2,11,75,134,30,299,445,6816,2151,14.137,64.966,142.545,26.714,302.811,490.172,0.778,1.154,0.94,1.123,0.987,0.908,-0.367
159,164,122,126,105,99,91,76,57,56,63,49,52,52,27,38,143,93,56,42,08DBFL,4,2,17,66,137,28,291,439,6452,2147,13.382,61.496,134.933,26.664,302.248,489.26,1.27,1.073,1.015,1.05,0.963,0.897,2.275
40,44,40,42,38,33,27,32,29,24,28,19,20,22,19,15,42,33,25,19,09DCFB,2,6,2,17,34,9,245,394,1699,1255,3.524,16.194,35.532,15.586,176.675,285.991,0.568,1.05,0.957,0.577,1.387,1.378,-2.483
41,49,47,42,40,35,36,28,23,22,19,16,21,14,10,14,45,35,20,15,09DCFK,4,6,6,16,49,10,147,241,2005,1127,4.159,19.11,41.931,13.996,158.656,256.822,1.443,0.837,1.169,0.714,0.927,0.938,0.93
46,70,42,27,43,31,35,28,21,19,17,15,19,20,13,16,46,34,18,17,09DCFP,4,6,6,19,37,9,120,188,2146,869,4.451,20.454,44.88,10.792,122.335,198.028,1.348,0.929,0.824,0.834,0.981,0.949,0.895
46,45,71,59,39,27,33,31,25,29,20,29,28,25,23,,55,33,26,25,10DJFP,5,5,13,46,108,21,312,492,3626,1646,7.521,34.561,75.832,20.442,231.719,375.092,1.729,1.331,1.424,1.027,1.346,1.312,3.144
19,20,25,17,18,23,19,16,12,17,17,12,15,14,11,8,20,19,15,12,10DKFC,2,5,6,11,28,6,60,96,1630,513,3.381,15.536,34.089,6.371,72.219,116.903,1.775,0.708,0.821,0.942,0.831,0.821,-1.801
52,60,50,41,48,50,58,36,18,31,29,24,24,19,21,23,51,48,26,22,10DLFX,5,5,8,38,88,14,159,259,3152,1079,6.537,30.043,65.919,13.4,151.898,245.883,1.224,1.265,1.335,1.045,1.047,1.053,7.435
31,24,34,37,35,29,23,20,10,16,16,11,12,10,9,11,32,27,13,11,10DMFQ,3,5,6,23,49,14,116,208,2991,1058,6.204,28.508,62.552,13.14,148.942,241.098,0.967,0.807,0.783,1.065,0.779,0.863,-0.15
43,40,41,38,33,26,30,28,17,23,25,18,17,16,11,9,41,29,21,13,10DMFS,4,5,4,17,40,9,110,183,2406,831,4.99,22.932,50.318,10.32,116.986,189.369,0.802,0.741,0.795,0.872,0.94,0.966,0.574
11,16,19,15,13,15,14,13,10,8,11,8,9,10,8,10,15,14,9,9,11DPFK,3,5,4,12,26,3,57,85,1525,525,3.163,14.535,31.893,6.52,73.908,119.637,1.265,0.826,0.815,0.46,0.771,0.71,-1.339
23,24,29,23,39,33,28,30,21,26,24,17,14,15,10,12,25,33,22,13,11DQFM,4,5,12,39,85,18,446,666,3333,1717,6.913,31.768,69.704,21.324,241.714,391.271,1.736,1.228,1.219,0.844,1.845,1.702,0.754
66,63,60,51,38,36,31,28,25,26,25,22,26,23,23,28,60,33,25,25,11DRFF,5,5,10,24,67,12,133,195,2840,717,5.89,27.069,59.394,8.905,100.937,163.391,1.698,0.887,1.128,1.348,1.318,1.193,4.322
34,36,37,37,31,30,28,28,21,26,26,23,25,25,25,29,36,29,24,26,11DRFG,4,5,8,26,60,10,82,153,3045,723,6.316,29.023,63.681,8.979,101.782,164.758,1.267,0.896,0.942,1.114,0.806,0.929,1.594
38,35,38,34,31,30,26,28,19,24,22,19,26,19,22,30,36,29,21,24,11DRFM,3,5,6,21,51,12,141,227,2614,944,5.422,24.915,54.667,11.724,132.893,215.12,1.107,0.843,0.933,1.024,1.061,1.055,-0.076
81,76,76,65,63,58,62,50,39,40,32,28,28,28,22,25,75,58,35,26,13EGFG,4,4,8,48,85,16,206,320,3524,1339,7.309,33.588,73.699,16.629,188.5,305.133,1.095,1.429,1.153,0.962,1.093,1.049,1.803
71,55,55,56,52,48,55,43,29,27,25,22,26,23,16,20,59,50,26,21,13EGFK,5,4,7,35,74,16,164,264,2456,1306,5.094,23.409,51.363,16.22,183.855,297.612,1.374,1.495,1.441,0.986,0.892,0.887,2.719
121,129,85,93,77,66,60,49,41,35,28,16,18,21,19,25,107,63,30,21,14ELFH,4,8,3,14,31,3,105,161,1422,608,2.949,13.554,29.739,7.551,85.592,138.552,1.017,1.033,1.042,0.397,1.227,1.162,1.681
153,166,150,124,107,88,78,27,25,24,20,19,21,20,15,22,148,75,22,20,14ELFS,5,8,3,32,61,5,121,177,1712,641,3.551,16.318,35.804,7.961,90.238,146.072,0.845,1.961,1.704,0.628,1.341,1.212,2.932
77,71,80,59,66,58,41,38,31,33,30,23,24,24,14,,72,51,29,21,14EMFB,5,8,10,38,69,22,106,180,1737,763,3.603,16.556,36.326,9.476,107.413,173.873,2.776,2.295,1.899,2.322,0.987,1.035,4.94
57,58,54,31,41,30,25,24,18,19,19,14,15,19,10,12,50,30,18,14,14EMFM,4,8,4,28,57,5,108,156,2663,892,5.523,25.382,55.692,11.078,125.573,203.27,0.724,1.103,1.023,0.451,0.86,0.767,1.255
,63,80,59,41,29,27,21,16,16,18,14,14,15,11,14,67,30,16,14,14ENFD,5,8,9,41,84,14,182,279,2857,1075,5.926,27.231,59.749,13.351,151.335,244.972,1.519,1.506,1.406,1.049,1.203,1.139,5.764
45,49,46,53,37,29,25,27,24,22,22,16,17,18,13,17,48,30,21,16,14ENFF,3,8,3,9,23,4,62,90,788,315,1.634,7.511,16.48,3.912,44.345,71.782,1.836,1.198,1.396,1.022,1.398,1.254,-1.569
63,64,65,53,55,46,34,30,23,24,27,23,25,15,11,14,61,41,24,16,14ENFG,5,8,4,51,88,10,109,160,2746,835,5.695,26.173,57.428,10.37,117.549,190.281,0.702,1.949,1.532,0.964,0.927,0.841,4.094
63,55,64,50,43,31,29,21,20,29,27,15,17,17,12,14,58,31,23,15,14ENFJ,5,8,13,43,84,28,167,267,2949,1076,6.116,28.108,61.673,13.363,151.476,245.2,2.125,1.53,1.362,2.095,1.102,1.089,2.726
112,106,87,99,79,66,57,44,29,25,25,24,30,18,10,14,101,62,26,18,14ENFL,4,8,5,29,62,19,130,223,2804,1014,5.816,26.726,58.641,12.593,142.748,231.071,0.86,1.085,1.057,1.509,0.911,0.965,1.184
173,164,182,143,119,90,96,64,38,41,34,17,20,19,15,19,166,92,33,18,14ENFR,5,8,11,41,81,15,155,274,2688,1094,5.575,25.62,56.215,13.587,154.01,249.302,1.973,1.6,1.441,1.104,1.006,1.099,2.563
43,57,57,41,36,34,31,21,29,19,17,11,12,14,12,9,50,31,19,12,14EQFK,1,8,2,5,10,1,33,49,1023,306,2.122,9.751,21.394,3.8,43.078,69.732,0.943,0.513,0.467,0.263,0.766,0.703,-3.989
,110,80,52,62,55,38,36,44,48,30,23,25,21,15,21,81,48,36,21,14ERFX,3,8,2,31,58,8,111,172,4519,904,9.373,43.072,94.507,11.227,127.262,206.004,0.213,0.72,0.614,0.713,0.872,0.835,-1.34
83,88,91,74,79,55,45,41,34,35,34,29,26,28,19,23,84,55,33,24,14ERGC,1,8,3,36,75,8,382,625,1419,732,2.943,13.525,29.676,9.091,103.049,166.809,1.019,2.662,2.527,0.88,3.707,3.747,-3.496
111,114,98,52,40,28,29,24,17,22,21,18,16,20,19,24,94,30,20,20,15ESFB,5,1,11,53,103,19,212,338,2219,1066,4.602,21.15,46.407,13.239,150.068,242.921,2.39,2.506,2.22,1.435,1.413,1.391,8.842
142,135,116,97,98,70,70,53,49,42,38,37,32,29,22,22,123,73,42,26,15ESFJ,5,1,10,27,66,11,106,170,2005,637,4.159,19.11,41.931,7.911,89.675,145.16,2.405,1.413,1.574,1.39,1.182,1.171,5.451
79,86,53,54,54,45,50,33,15,19,28,19,20,18,11,16,68,46,20,16,15ETFE,5,1,7,27,58,6,147,219,1673,798,3.47,15.946,34.988,9.911,112.34,181.849,2.017,1.693,1.658,0.605,1.309,1.204,5.288
76,77,73,65,62,46,59,47,14,19,29,23,23,24,20,25,73,54,21,23,15ETFN,5,1,8,34,67,9,160,226,3076,1101,6.38,29.318,64.329,13.674,154.995,250.897,1.254,1.16,1.042,0.658,1.032,0.901,4.594
79,97,84,84,73,49,70,53,19,14,30,22,22,22,14,20,86,61,21,20,15ETFR,3,1,7,25,52,6,53,89,2389,725,4.955,22.77,49.962,9.004,102.063,165.214,1.413,1.098,1.041,0.666,0.519,0.539,-0.97
78,75,50,42,35,25,33,23,,,13,10,12,11,6,,61,29,12,10,15ETFW,3,1,3,23,50,10,127,194,2278,852,4.725,21.712,47.641,10.581,119.942,194.155,0.635,1.059,1.05,0.945,1.059,0.999,-0.553
61,67,50,48,43,43,68,33,,,13,9,9,9,6,8,57,47,11,8,15ETFX,4,1,8,24,57,16,162,259,2705,1307,5.61,25.782,56.571,16.232,183.995,297.84,1.426,0.931,1.008,0.986,0.88,0.87,0.845
,285,151,165,133,120,157,102,35,54,75,50,44,23,12,13,200,128,54,23,15ETGA,5,1,15,46,89,17,144,198,2376,624,4.928,22.646,49.69,7.75,87.845,142.198,3.044,2.031,1.791,2.194,1.639,1.392,9.579
64,66,75,66,71,45,49,32,15,18,26,17,15,15,11,15,68,49,19,14,15ETGB,4,1,11,37,84,14,103,157,3058,897,6.343,29.147,63.953,11.14,126.277,204.409,1.734,1.269,1.313,1.257,0.816,0.768,1.766
40,40,40,37,29,26,25,17,14,16,19,16,17,16,9,10,39,24,16,13,15EUFA,2,1,4,19,46,9,83,140,2434,868,5.048,23.199,50.903,10.78,122.194,197.801,0.792,0.819,0.904,0.835,0.679,0.708,-2.396
170,251,237,137,182,153,165,64,40,32,32,30,24,21,15,17,199,141,34,19,15EUFH,5,1,9,40,63,14,71,124,1855,479,3.847,17.681,38.794,5.949,67.432,109.155,2.339,2.262,1.624,2.353,1.053,1.136,7.019
39,51,47,43,56,32,31,23,20,19,20,18,14,17,11,14,45,36,19,14,15EUFW,5,1,12,55,104,6,99,148,2303,673,4.777,21.951,48.163,8.358,94.743,153.364,2.512,2.506,2.159,0.718,1.045,0.965,9.495
77,79,54,54,129,85,96,66,76,42,42,34,34,27,15,16,66,94,49,23,15EUFX,5,1,19,27,76,18,113,182,1875,788,3.889,17.871,39.213,9.786,110.932,179.57,4.886,1.511,1.938,1.839,1.019,1.014,9.464
61,60,64,53,45,35,27,23,15,18,8,16,14,16,10,10,60,33,14,13,15EWFF,2,1,0,23,54,9,98,152,2307,897,4.785,21.989,48.247,11.14,126.277,204.409,0,1.046,1.119,0.808,0.776,0.744,-2.139
34,51,28,32,40,25,33,22,13,19,13,17,16,17,10,11,36,30,16,14,15EWFP,3,1,4,19,51,6,74,116,4037,573,8.373,38.478,84.427,7.116,80.665,130.576,0.478,0.494,0.604,0.843,0.917,0.888,-0.63
146,134,130,99,88,72,70,58,50,53,46,33,37,35,26,,127,72,46,33,18FLFG,4,3,7,19,45,11,229,350,1702,820,3.53,16.222,35.595,10.184,115.437,186.862,1.983,1.171,1.264,1.08,1.984,1.873,0.216
151,131,131,95,68,48,58,52,39,35,38,31,31,26,21,28,127,57,36,27,18FNFB,4,3,4,18,43,4,54,94,2026,592,4.202,19.311,42.37,7.352,83.34,134.905,0.952,0.932,1.015,0.544,0.648,0.697,0.368
108,106,107,93,73,59,97,82,60,58,56,40,29,18,17,20,104,78,54,21,18FNFG,5,3,8,31,65,13,123,217,2071,874,4.295,19.739,43.312,10.854,123.039,199.168,1.862,1.57,1.501,1.198,1,1.09,3.043
144,130,127,104,85,73,77,55,46,59,51,38,45,35,32,31,126,73,49,36,18FPFD,5,3,9,70,126,30,302,494,3612,1368,7.492,34.427,75.539,16.99,192.583,311.741,1.201,2.033,1.668,1.766,1.568,1.585,8.433
60,58,61,50,48,41,40,25,31,39,34,23,27,24,20,27,57,39,32,25,18FPFS,5,3,9,44,79,16,277,457,3662,1789,7.595,34.904,76.585,22.218,251.85,407.679,1.185,1.261,1.032,0.72,1.1,1.121,4.837
155,127,131,110,90,85,88,68,53,51,50,37,40,41,20,26,131,83,48,32,18FRFJ,4,3,6,16,47,10,134,199,2424,724,5.028,23.104,50.694,8.992,101.922,164.986,1.193,0.693,0.927,1.112,1.315,1.206,1.056
89,78,67,71,69,57,58,28,50,49,48,35,34,41,27,35,76,53,46,34,18FRFR,3,3,1,24,46,16,153,243,2556,971,5.301,24.362,53.455,12.059,136.694,221.272,0.189,0.985,0.861,1.327,1.119,1.098,-0.378
10,13,18,,74,35,16,9,11,21,33,27,28,18,9,25,14,34,23,20,18FSFE,4,3,2,8,17,7,46,85,752,369,1.56,7.168,15.727,4.583,51.947,84.088,1.282,1.116,1.081,1.527,0.886,1.011,0.433
,206,145,118,89,75,64,67,54,36,58,15,57,33,23,22,156,74,41,34,18FSFW,2,3,5,20,44,10,175,262,2488,788,5.16,23.714,52.032,9.786,110.932,179.57,0.969,0.843,0.846,1.022,1.578,1.459,-1.629
20,24,18,15,16,23,21,14,21,24,13,10,8,9,8,5,19,19,17,8,19FXFD,3,6,3,19,44,13,160,242,2517,1153,5.22,23.99,52.639,14.319,162.316,262.747,0.575,0.792,0.836,0.908,0.986,0.921,-0.09
22,22,21,16,13,13,13,12,10,11,10,9,9,10,7,6,20,13,10,8,19GAFA,5,6,10,73,154,26,229,363,4896,1970,10.155,46.666,102.392,24.466,277.33,448.925,0.985,1.564,1.504,1.063,0.826,0.809,4.687
72,66,68,56,47,41,41,30,25,24,26,12,26,22,18,,66,40,22,22,19GAFC,4,6,14,55,108,24,444,726,4533,2482,9.402,43.206,94.8,30.825,349.408,565.6,1.489,1.273,1.139,0.779,1.271,1.284,1.418
29,29,28,25,22,16,20,10,8,14,15,12,10,8,6,,28,17,12,8,19GDFG,4,6,10,30,74,23,490,760,3978,2942,8.251,37.916,83.193,36.537,414.165,670.426,1.212,0.791,0.889,0.629,1.183,1.134,1.034
46,42,42,36,42,46,32,25,23,23,19,15,17,25,14,15,42,36,20,18,20GLFB,3,6,5,42,88,25,248,439,4852,2042,10.063,46.246,101.472,25.36,287.466,465.333,0.497,0.908,0.867,0.986,0.863,0.943,-0.205
49,45,48,42,35,34,15,,15,20,16,12,15,17,9,9,46,28,16,13,20GLFG,3,6,5,22,56,16,115,187,4034,1245,8.367,38.449,84.364,15.462,175.267,283.712,0.598,0.572,0.664,1.035,0.656,0.659,-0.499
33,31,34,28,26,28,24,21,16,20,16,14,17,19,11,12,32,25,17,15,20GLFJ,4,6,11,55,124,33,308,516,3975,2619,8.244,37.887,83.131,32.526,368.695,596.82,1.334,1.452,1.492,1.015,0.835,0.865,1.114
96,70,106,69,46,63,57,52,46,44,42,24,23,24,12,,85,55,39,20,21GRFX,5,1,6,46,83,7,111,175,2265,682,4.698,21.589,47.369,8.47,96.01,155.415,1.277,2.131,1.752,0.826,1.156,1.126,5.159
55,60,67,55,56,45,46,33,30,31,31,27,28,29,21,24,59,45,30,26,21GWFP,1,1,5,51,104,14,337,517,2719,1197,5.639,25.916,56.863,14.866,168.51,272.773,0.887,1.968,1.829,0.942,2,1.895,-3.151
151,116,109,46,33,31,24,24,25,24,33,20,19,15,,,106,28,26,17,21GWFY,3,1,5,24,53,7,60,89,3742,761,7.761,35.666,78.258,9.451,107.131,173.417,0.644,0.673,0.677,0.741,0.56,0.513,-0.678
69,62,49,66,46,40,26,29,26,21,23,16,17,15,15,15,62,35,22,16,22GZFA,5,5,8,40,103,49,442,709,4022,1884,8.342,38.335,84.113,23.398,265.224,429.328,0.959,1.043,1.225,2.094,1.667,1.651,3.486
38,32,31,27,24,20,14,17,17,21,21,18,16,14,12,14,32,19,19,14,22GZFL,4,5,5,20,58,25,215,380,3294,1371,6.832,31.396,68.889,17.027,193.005,312.425,0.732,0.637,0.842,1.468,1.114,1.216,1.554
47,51,32,27,25,28,22,22,17,29,34,25,21,14,9,14,39,24,26,15,22HAFA,5,5,2,29,63,32,287,468,2379,2039,4.934,22.675,49.753,25.323,287.044,464.649,0.405,1.279,1.266,1.264,1,1.007,4.085
,27,28,28,29,25,33,21,15,20,17,12,12,9,10,9,28,27,16,10,23HGFJ,4,5,6,33,74,18,107,203,4450,1291,9.23,42.415,93.064,16.033,181.743,294.194,0.65,0.778,0.795,1.123,0.589,0.69,0.355
,,32,31,31,27,26,24,20,19,18,14,15,11,16,14,32,27,18,14,23HGFP,2,5,8,24,62,23,168,321,5493,1667,11.393,52.356,114.877,20.703,234.675,379.877,0.702,0.458,0.54,1.111,0.716,0.845,-2.07
37,33,36,28,25,28,22,,20,22,19,23,30,27,20,33,34,25,21,28,23HHFF,2,5,3,21,47,9,117,194,2722,959,5.646,25.944,56.926,11.91,135.005,218.538,0.531,0.809,0.826,0.756,0.867,0.888,-1.591
46,41,44,38,37,36,38,33,,28,23,21,16,19,10,9,42,36,24,14,23HHFP,3,5,2,16,30,9,127,202,2003,815,4.154,19.091,41.889,10.122,114.733,185.723,0.481,0.838,0.716,0.889,1.107,1.088,-1.383
30,25,30,25,26,23,22,21,15,22,23,20,23,14,12,14,28,23,20,16,23HHGD,3,5,0,3,10,8,89,141,1052,663,2.182,10.027,22.001,8.234,93.335,151.085,0,0.299,0.455,0.972,0.954,0.933,-1.517
59,36,34,31,30,30,27,25,16,22,18,14,18,16,15,13,40,28,18,16,23HKFE,4,5,6,22,66,17,101,173,3210,1039,6.658,30.596,67.132,12.904,146.267,236.768,0.901,0.719,0.983,1.317,0.691,0.731,0.213
38,24,21,20,18,20,16,14,10,13,11,9,13,14,10,8,26,17,11,11,23HKFM,2,5,3,23,50,10,155,257,2779,1013,5.764,26.488,58.118,12.581,142.607,230.843,0.52,0.868,0.86,0.795,1.087,1.113,-1.771
37,30,25,23,21,22,24,19,17,17,15,13,15,13,11,12,29,22,16,13,23HKFP,1,5,3,20,41,4,127,186,2705,1056,5.61,25.782,56.571,13.115,148.66,240.642,0.535,0.776,0.725,0.305,0.854,0.773,-3.105
44,30,30,28,26,26,27,26,17,24,19,15,16,14,13,,33,26,19,14,23HRFY,1,5,4,5,21,6,45,84,1425,562,2.956,13.582,29.802,6.98,79.117,128.069,1.353,0.368,0.705,0.86,0.569,0.656,-3.831
55,53,49,43,38,34,37,26,24,29,21,23,22,18,14,14,50,34,24,17,23HSFM,5,5,13,40,111,44,563,902,4544,2568,9.425,43.31,95.03,31.893,361.515,585.198,1.379,0.924,1.168,1.38,1.557,1.541,2.791
38,36,33,28,22,22,22,23,18,26,19,16,13,12,11,,34,22,20,12,23HTGC,4,5,6,36,69,19,433,678,2207,1775,4.577,21.036,46.156,22.044,249.879,404.489,1.311,1.711,1.495,0.862,1.733,1.676,1.282
44,40,35,30,29,39,41,32,13,22,19,14,13,16,13,14,37,35,17,14,23HUFB,5,5,18,46,103,14,145,247,2774,1398,5.753,26.44,58.014,17.362,196.806,318.577,3.129,1.74,1.775,0.806,0.737,0.775,3.908
86,71,64,66,57,58,69,55,35,39,47,32,30,30,27,25,72,60,38,28,23HUFG,4,5,9,46,87,17,170,297,4082,1122,8.466,38.907,85.368,13.934,157.952,255.682,1.063,1.182,1.019,1.22,1.076,1.162,1.692
50,42,43,39,34,42,37,28,16,15,17,14,17,20,17,19,44,35,16,18,23HUFL,4,5,9,36,83,16,137,238,4669,1313,9.684,44.502,97.644,16.306,184.84,299.208,0.929,0.809,0.85,0.981,0.741,0.795,0.453
64,57,61,48,40,35,47,42,23,29,23,22,20,24,22,23,58,41,24,22,23HUFQ,4,5,1,19,39,15,90,153,2666,581,5.529,25.411,55.755,7.216,81.791,132.399,0.181,0.748,0.699,2.079,1.1,1.156,1.815
19,22,22,11,16,17,12,14,9,14,14,13,17,13,10,,19,15,13,13,25JGFF,1,5,5,19,40,7,116,193,3695,1353,7.664,35.218,77.275,16.803,190.471,308.323,0.652,0.539,0.518,0.417,0.609,0.626,-3.804
23,20,23,18,17,17,14,15,10,6,5,5,6,7,7,,21,16,7,7,25JGFP,1,5,5,11,38,9,66,125,3394,984,7.039,32.349,70.98,12.221,138.524,224.235,0.71,0.34,0.535,0.736,0.476,0.557,-3.139
24,24,26,21,17,20,21,16,11,17,15,12,14,12,7,9,24,19,14,11,25JHFG,2,5,7,24,51,16,182,299,3005,1701,6.233,28.642,62.845,21.125,239.461,387.625,1.123,0.838,0.812,0.757,0.76,0.771,-2.368
17,18,12,14,11,12,10,11,8,12,10,7,9,8,8,,15,11,9,8,25JLFS,3,5,4,3,21,4,54,92,974,424,2.02,9.284,20.37,5.266,59.689,96.621,1.98,0.323,1.031,0.76,0.905,0.952,-0.131
23,39,23,20,23,22,19,16,14,18,14,13,15,14,9,,26,20,15,13,25JLFY,2,5,1,10,20,9,124,228,1357,841,2.815,12.934,28.379,10.445,118.393,191.648,0.355,0.773,0.705,0.862,1.047,1.19,-2.427
,72,41,36,32,30,25,16,22,28,22,17,19,21,17,19,50,26,22,19,25JLGH,2,5,2,22,49,20,157,266,5123,1453,10.626,48.829,107.139,18.045,204.549,331.111,0.188,0.451,0.457,1.108,0.768,0.803,-1.676
39,18,57,37,32,31,24,20,13,15,13,11,11,11,9,10,38,27,13,10,25JMFC,4,5,12,54,113,26,324,529,4899,2244,10.161,46.694,102.454,27.869,315.903,511.365,1.181,1.156,1.103,0.933,1.026,1.034,0.417
24,27,25,22,17,20,16,13,10,11,10,8,9,8,7,8,25,17,10,8,25JMFD,1,5,8,34,88,21,325,551,5854,2738,12.142,55.797,122.427,34.004,385.447,623.938,0.659,0.609,0.719,0.618,0.843,0.883,-3.156
55,64,63,57,49,47,35,27,24,22,20,15,16,17,13,14,60,40,20,15,25JMFK,5,5,18,72,143,36,309,507,5536,2233,11.482,52.766,115.776,27.732,314.355,508.858,1.568,1.365,1.235,1.298,0.983,0.996,3.108
57,61,58,46,40,36,32,27,18,18,19,,15,14,10,14,56,34,18,13,25JPFD,3,5,8,47,95,17,235,381,5571,2338,11.555,53.099,116.508,29.036,329.136,532.786,0.692,0.885,0.815,0.585,0.714,0.715,-0.106
35,42,41,28,24,23,23,21,20,,16,12,15,12,8,12,37,23,16,12,26JTFF,4,7,4,28,59,10,98,149,2035,822,4.221,19.396,42.559,10.209,115.719,187.318,0.948,1.444,1.386,0.98,0.847,0.795,2.3
29,33,27,29,26,24,24,23,18,26,25,20,16,15,11,11,30,24,22,13,27KCFG,1,5,0,7,22,4,28,54,3414,411,7.081,32.54,71.398,5.104,57.859,93.659,0,0.215,0.308,0.784,0.484,0.577,-3.496
34,26,26,25,28,26,25,18,14,16,13,12,10,18,12,16,28,24,14,14,27KEFP,2,5,1,6,15,6,102,147,1227,402,2.545,11.695,25.661,4.993,56.592,91.608,0.393,0.513,0.585,1.202,1.802,1.605,-1.821
43,37,38,32,28,26,26,24,26,28,23,21,21,20,15,14,38,26,25,18,27KFFU,1,5,2,15,32,11,98,157,2194,568,4.551,20.912,45.884,7.054,79.961,129.436,0.44,0.717,0.697,1.559,1.226,1.213,-3.532
42,47,54,54,,29,34,30,21,24,30,23,27,28,22,19,49,31,25,24,27KHFT,4,5,8,26,56,19,151,251,2755,1089,5.714,26.259,57.616,13.525,153.306,248.162,1.4,0.99,0.972,1.405,0.985,1.011,1.518
41,50,47,43,34,38,36,29,24,23,25,20,18,19,20,20,45,34,23,19,28KSFM,4,2,4,10,21,7,26,48,921,245,1.91,8.778,19.261,3.043,34.49,55.831,2.094,1.139,1.09,2.301,0.754,0.86,1.752
41,54,46,48,65,62,40,28,33,38,39,34,32,25,20,30,47,49,36,27,28KWFH,5,2,26,73,162,35,279,431,4916,2250,10.196,46.856,102.81,27.943,316.748,512.732,2.55,1.558,1.576,1.253,0.881,0.841,5.475
184,178,155,145,146,148,109,77,69,70,78,61,47,37,27,36,166,120,70,37,28KWFR,5,2,15,68,133,31,289,463,4103,1720,8.51,39.107,85.807,21.361,242.136,391.955,1.763,1.739,1.55,1.451,1.194,1.181,8.34
109,114,121,107,97,88,81,61,59,56,49,51,39,40,30,45,113,82,54,39,28KWFW,5,2,18,89,168,36,300,492,4663,1742,9.671,44.445,97.519,21.634,245.233,396.969,1.861,2.002,1.723,1.664,1.223,1.239,6.828
33,30,42,31,31,34,26,22,15,18,12,10,11,14,12,11,34,28,14,12,30LCFD,5,5,1,13,27,4,36,56,833,262,1.728,7.94,17.421,3.254,36.884,59.705,0.579,1.637,1.55,1.229,0.976,0.938,4.072
45,47,51,48,39,35,30,30,,,24,18,21,23,20,19,48,34,21,21,30LCFF,3,5,2,9,21,5,58,94,1581,454,3.279,15.069,33.064,5.638,63.913,103.458,0.61,0.597,0.635,0.887,0.907,0.909,-1.006
42,42,41,34,29,25,27,22,,24,16,13,12,12,11,10,40,26,18,11,30LDGA,4,5,6,20,54,12,230,369,3151,1608,6.535,30.033,65.898,19.97,226.369,366.432,0.918,0.666,0.819,0.601,1.016,1.007,0.151
32,22,23,17,21,17,9,19,14,12,10,10,15,13,12,10,24,17,12,13,30LEFA,3,5,1,3,10,3,12,18,803,131,1.665,7.654,16.793,1.627,18.442,29.852,0.6,0.392,0.595,1.844,0.651,0.603,-0.49
67,64,67,49,61,50,45,46,35,34,28,31,29,33,23,23,62,51,32,27,30LEFQ,5,5,6,21,58,18,149,239,2187,843,4.536,20.845,45.737,10.469,118.675,192.104,1.323,1.007,1.268,1.719,1.256,1.244,3.722
17,23,20,19,20,20,17,19,15,14,10,8,13,11,10,9,20,19,12,11,30LGFL,2,5,6,11,36,6,87,132,4123,803,8.551,39.298,86.226,9.973,113.044,182.988,0.702,0.28,0.418,0.602,0.77,0.721,-2.298
24,18,19,15,19,21,15,18,12,13,9,8,11,10,10,9,19,18,11,10,30LHFC,2,5,1,7,18,1,25,43,786,257,1.63,7.492,16.438,3.192,36.18,58.565,0.613,0.934,1.095,0.313,0.691,0.734,-2.661
41,40,39,38,39,35,37,35,23,28,25,21,23,23,20,19,40,37,24,21,30LJFF,3,5,5,27,56,16,144,237,3197,1199,6.631,30.472,66.86,14.891,168.791,273.229,0.754,0.886,0.838,1.074,0.853,0.867,-0.327
31,27,32,34,26,25,31,23,14,21,16,12,13,13,10,11,31,26,16,12,30LJFJ,2,5,7,18,52,12,133,222,3393,1198,7.037,32.34,70.959,14.878,168.651,273.001,0.995,0.557,0.733,0.807,0.789,0.813,-1.79
35,37,39,35,31,31,29,27,19,24,20,14,16,17,12,15,37,30,19,15,30LJFN,3,5,2,36,86,15,345,628,3065,1325,6.357,29.214,64.099,16.455,186.529,301.942,0.315,1.232,1.342,0.912,1.85,2.08,-1.37
52,44,44,39,31,26,23,21,16,19,15,14,17,16,11,11,45,25,16,14,30LKFE,3,5,3,16,34,8,85,145,2392,733,4.961,22.799,50.025,9.103,103.189,167.037,0.605,0.702,0.68,0.879,0.824,0.868,-1.014
19,27,27,25,25,26,15,21,14,17,10,10,14,14,11,9,25,22,13,12,30LKFG,3,5,8,27,64,7,97,153,3386,993,7.023,32.273,70.813,12.332,139.791,226.286,1.139,0.837,0.904,0.568,0.694,0.676,-1.408
16,24,23,22,18,21,17,18,14,17,11,10,12,14,10,11,21,19,13,12,30LKFH,2,5,4,17,47,16,121,198,3428,1059,7.11,32.673,71.691,13.152,149.083,241.326,0.563,0.52,0.656,1.217,0.812,0.82,-2.092
31,30,28,27,26,28,23,23,11,13,9,8,11,9,9,8,29,25,10,9,30LKFP,2,5,0,19,40,8,74,133,3278,681,6.799,31.244,68.554,8.458,95.869,155.187,0,0.608,0.583,0.946,0.772,0.857,-1.599
32,29,32,29,26,22,15,14,14,23,21,14,16,15,11,15,31,19,18,14,30LQFA,3,5,3,18,45,11,77,131,2546,754,5.281,24.267,53.245,9.364,106.146,171.822,0.568,0.742,0.845,1.175,0.725,0.762,-1.303
33,28,27,26,22,19,14,13,11,17,16,12,15,15,10,13,29,17,14,13,30LQFD,2,5,0,11,22,4,40,58,1556,537,3.227,14.831,32.541,6.669,75.597,122.372,0,0.742,0.676,0.6,0.529,0.474,-1.848
43,32,33,25,24,22,22,19,10,17,17,12,20,11,8,11,33,22,14,13,30LQFG,1,5,2,9,25,9,121,198,1798,675,3.729,17.137,37.602,8.383,95.024,153.82,0.536,0.525,0.665,1.074,1.273,1.287,-2.787
123,119,153,53,86,93,90,63,59,51,59,47,23,17,18,20,112,83,54,20,31LSFS,5,8,7,38,69,11,146,234,2305,687,4.781,21.97,48.205,8.532,96.714,156.554,1.464,1.73,1.431,1.289,1.51,1.495,8.195
77,81,76,77,55,44,54,42,37,33,35,27,29,21,18,,78,49,33,23,31LTFU,4,8,7,45,81,21,237,391,2791,1297,5.789,26.602,58.369,16.108,182.588,295.562,1.209,1.692,1.388,1.304,1.298,1.323,2.399
85,95,84,73,69,56,55,44,49,39,39,25,20,14,8,,84,56,38,14,31MAFG,3,8,5,30,63,11,143,238,2253,918,4.673,21.474,47.118,11.401,129.233,209.195,1.07,1.397,1.337,0.965,1.107,1.138,-1.32
123,126,111,102,90,67,69,54,35,38,36,25,24,23,16,16,116,70,34,20,31MDFF,4,8,10,28,57,11,170,262,2366,1087,4.907,22.551,49.481,13.5,153.024,247.707,2.038,1.242,1.152,0.815,1.111,1.058,0.351
,,100,58,46,39,39,33,26,36,31,27,28,26,18,22,79,39,30,24,32MLFG,4,3,7,51,93,10,150,244,2988,1476,6.197,28.48,62.489,18.331,207.787,336.352,1.13,1.791,1.488,0.546,0.722,0.725,0.447
61,58,50,35,34,33,41,38,25,29,27,24,22,22,23,15,51,37,26,21,32MMFU,5,3,21,55,121,20,193,310,4040,1636,8.379,38.507,84.49,20.318,230.311,372.813,2.506,1.428,1.432,0.984,0.838,0.832,5.921
72,60,75,61,55,47,50,42,32,31,31,28,27,25,25,,67,49,31,26,32MPFE,4,3,2,17,36,10,86,135,1613,701,3.345,15.374,33.733,8.706,98.685,159.745,0.598,1.106,1.067,1.149,0.871,0.845,1.239
65,75,66,60,52,44,54,40,24,28,26,21,21,22,15,19,67,48,25,19,33MUFE,4,3,5,29,57,13,275,414,2872,1173,5.957,27.374,60.063,14.568,165.131,267.304,0.839,1.059,0.949,0.892,1.665,1.549,0.457
112,130,105,115,86,62,51,58,56,51,42,44,41,32,25,26,116,64,48,31,33MUFK,5,3,6,36,79,19,190,304,2258,1074,4.683,21.522,47.222,13.338,151.194,244.744,1.281,1.673,1.673,1.424,1.257,1.242,4.278
46,45,39,39,40,40,54,35,19,19,19,19,17,15,13,6,42,42,19,13,33MWFX,3,3,1,17,35,3,74,121,1920,849,3.982,18.3,40.154,10.544,119.52,193.471,0.251,0.929,0.872,0.285,0.619,0.625,-0.177
64,66,50,49,45,40,47,34,28,33,34,25,30,31,20,24,57,42,30,26,33MZFG,4,3,5,32,55,12,192,305,2439,1051,5.059,23.247,51.008,13.053,147.956,239.503,0.988,1.377,1.078,0.919,1.298,1.273,1.016
80,61,61,48,39,40,42,33,,39,30,25,30,32,21,33,63,39,31,29,33MZFH,4,3,6,39,74,18,141,234,1992,931,4.132,18.986,41.659,11.562,131.063,212.157,1.452,2.054,1.776,1.557,1.076,1.103,2.146
42,29,35,36,32,27,32,25,18,21,21,17,20,22,18,21,36,29,19,20,33MZFW,3,3,2,11,19,1,47,70,959,353,1.989,9.141,20.056,4.384,49.694,80.442,1.006,1.203,0.947,0.228,0.946,0.87,-1.035
67,41,44,34,,38,29,31,20,16,14,14,16,15,12,16,47,33,16,15,34NFFJ,5,4,6,25,57,29,320,523,2685,2180,5.569,25.592,56.152,27.074,306.894,496.78,1.077,0.977,1.015,1.071,1.043,1.053,3.154
60,25,81,39,55,61,51,44,35,30,25,21,23,20,17,20,51,53,28,20,34NFFL,4,4,6,19,50,25,255,428,2844,1327,5.899,27.107,59.478,16.48,186.811,302.398,1.017,0.701,0.841,1.517,1.365,1.415,1.628
70,53,53,38,28,44,35,34,26,23,20,17,18,18,16,18,54,35,22,18,34NFFP,5,4,5,32,67,19,272,410,3178,1140,6.591,30.291,66.463,14.158,160.486,259.784,0.759,1.056,1.008,1.342,1.695,1.578,2.835
52,38,40,33,23,28,27,25,19,16,15,13,16,15,14,16,41,26,16,15,34NFFQ,4,4,4,22,45,20,166,300,2594,1803,5.38,24.724,54.249,22.392,253.821,410.869,0.743,0.89,0.83,0.893,0.654,0.73,0.903
40,36,37,33,31,31,26,29,15,18,17,21,27,25,21,26,37,29,18,25,35NLFQ,4,3,2,9,16,11,107,190,1304,674,2.705,12.429,27.271,8.371,94.884,153.592,0.739,0.724,0.587,1.314,1.128,1.237,0.599
129,134,87,146,110,80,70,53,53,38,41,46,45,46,,,124,78,45,46,37PEFD,5,2,4,24,42,19,370,549,2231,961,4.627,21.264,46.658,11.935,135.287,218.994,0.864,1.129,0.9,1.592,2.735,2.507,5.183
87,94,82,70,81,64,51,36,34,31,26,23,23,24,13,,83,58,29,20,37PEFG,4,2,8,44,84,8,90,152,4197,962,8.705,40.003,87.773,11.947,135.427,219.221,0.919,1.1,0.957,0.67,0.665,0.693,0.349
65,64,52,53,51,40,45,37,32,32,32,26,25,30,22,34,59,43,31,28,38PGFG,4,3,7,34,68,7,251,368,2783,1424,5.772,26.526,58.202,17.685,200.466,324.502,1.213,1.282,1.168,0.396,1.252,1.134,1.198
131,146,113,95,98,91,89,73,67,29,23,35,27,38,30,43,121,88,39,35,38PGGA,3,3,1,18,36,12,89,151,3241,977,6.722,30.891,67.78,12.134,137.539,222.64,0.149,0.583,0.531,0.989,0.647,0.678,-1.308
55,47,45,46,42,40,34,29,20,22,23,18,20,22,16,23,48,36,21,20,38PHFA,2,3,3,11,28,5,76,109,2351,645,4.876,22.408,49.167,8.01,90.801,146.983,0.615,0.491,0.569,0.624,0.837,0.742,-2.399
86,82,71,59,59,47,51,43,27,32,34,28,30,24,17,24,75,50,30,24,38PHFE,2,3,0,13,29,7,71,127,1601,513,3.321,15.26,33.482,6.371,72.219,116.903,0,0.852,0.866,1.099,0.983,1.086,-2.113
80,70,63,57,61,48,51,40,28,32,40,27,30,31,18,29,68,50,32,27,38PHFU,4,3,5,24,59,14,101,169,2328,841,4.828,22.189,48.686,10.445,118.393,191.648,1.036,1.082,1.212,1.34,0.853,0.882,1.278
82,122,140,138,94,57,36,40,24,28,28,18,22,25,18,,121,57,25,22,38PJFH,4,3,6,11,31,7,83,151,1486,798,3.082,14.164,31.077,9.911,112.34,181.849,1.947,0.777,0.998,0.706,0.739,0.83,1.561
163,129,87,98,95,57,67,59,40,41,35,21,29,32,25,,119,70,34,29,38PJFL,1,3,4,16,41,3,82,141,2898,890,6.011,27.622,60.607,11.053,125.291,202.814,0.665,0.579,0.676,0.271,0.654,0.695,-2.942
35,24,27,26,23,23,26,21,15,20,19,13,15,17,11,16,28,23,17,15,38PLFU,2,3,2,6,19,2,20,37,813,237,1.686,7.749,17.003,2.943,33.364,54.008,1.186,0.774,1.117,0.679,0.599,0.685,-2.661
31,33,32,32,31,25,17,30,19,21,18,15,16,20,14,,32,26,18,17,38PLGE,2,3,1,5,14,2,33,61,831,300,1.724,7.921,17.379,3.726,42.233,68.364,0.58,0.631,0.806,0.537,0.781,0.892,-1.847
115,102,101,91,88,78,83,63,43,38,38,27,27,33,28,34,102,78,37,31,38PMFJ,5,3,16,54,110,30,223,393,4546,1613,9.429,43.33,95.072,20.032,227.073,367.572,1.697,1.246,1.157,1.498,0.982,1.069,4.544
137,148,115,118,118,79,94,75,52,39,45,48,45,43,28,37,130,92,46,38,38PMFN,5,3,10,46,109,23,333,540,3540,1254,7.342,33.741,74.033,15.574,176.534,285.763,1.362,1.363,1.472,1.477,1.886,1.89,6.96
42,41,31,36,35,31,34,35,20,20,17,16,17,20,17,9,38,34,18,16,38PMGC,4,3,11,55,116,15,182,269,4262,1804,8.84,40.623,89.133,22.404,253.961,411.097,1.244,1.354,1.301,0.67,0.717,0.654,1.853
60,59,47,43,45,29,34,32,19,26,25,19,18,22,17,21,52,35,22,20,38PMGD,3,3,7,42,106,24,229,400,5561,2379,11.534,53.004,116.299,29.545,334.908,542.129,0.607,0.792,0.911,0.812,0.684,0.738,-1.431
80,83,66,68,62,51,82,49,37,33,42,45,37,31,27,26,74,61,39,30,38PNFA,2,3,2,20,43,7,94,147,2432,879,5.044,23.18,50.861,10.917,123.743,200.307,0.396,0.863,0.845,0.641,0.76,0.734,-2.602
36,31,34,29,25,26,24,22,20,19,14,10,12,12,8,11,33,24,16,11,39PQFL,3,5,6,22,55,17,164,292,2650,1232,5.496,25.258,55.42,15.301,173.437,280.749,1.092,0.871,0.992,1.111,0.946,1.04,-0.737
43,37,41,38,33,32,27,22,18,20,17,12,14,13,11,13,40,29,17,13,39PQFM,5,5,4,14,42,13,148,254,2644,856,5.484,25.201,55.295,10.631,120.505,195.066,0.729,0.556,0.76,1.223,1.228,1.302,4.556
17,21,20,17,17,16,15,13,10,10,10,8,10,9,8,9,19,15,10,9,39PRFC,5,5,2,10,24,4,14,25,1175,186,2.437,11.199,24.573,2.31,26.184,42.386,0.821,0.893,0.977,1.732,0.535,0.59,2.591
26,33,32,27,22,23,19,15,10,12,14,12,14,13,10,13,30,20,12,13,39PSFH,3,5,7,9,40,6,63,106,1881,675,3.901,17.928,39.338,8.383,95.024,153.82,1.794,0.502,1.017,0.716,0.663,0.689,-0.211
66,76,78,58,64,50,25,36,29,45,34,28,31,27,19,25,70,44,34,26,42QMFS,4,7,10,39,85,12,91,162,2716,1189,5.633,25.887,56.801,14.766,167.384,270.95,1.775,1.507,1.496,0.813,0.544,0.598,1.009
91,93,85,103,86,75,88,77,58,48,38,30,33,33,24,26,93,82,44,29,42QPFD,5,7,23,89,172,16,194,284,4462,1489,9.255,42.529,93.315,18.492,209.617,339.315,2.485,2.093,1.843,0.865,0.925,0.837,5.952
61,80,91,83,74,70,75,67,52,54,50,34,38,39,30,36,79,72,48,36,42QPFE,4,7,18,93,181,40,381,638,4817,2144,9.991,45.913,100.74,26.627,301.826,488.577,1.802,2.026,1.797,1.502,1.262,1.306,2.319
158,123,161,149,139,144,142,130,114,117,111,79,75,57,50,52,148,139,105,59,42QPFL,4,7,18,58,135,30,256,449,4912,1990,10.188,46.818,102.726,24.714,280.146,453.483,1.767,1.239,1.314,1.214,0.914,0.99,1.24
98,76,94,77,54,46,63,53,43,47,39,23,27,24,20,24,86,54,38,24,42QPFS,4,7,21,73,151,42,315,523,4637,2043,9.618,44.197,96.975,25.373,287.607,465.561,2.184,1.652,1.557,1.655,1.095,1.123,2.221
46,47,49,39,36,32,36,24,21,26,20,17,19,19,15,16,45,32,21,17,43QTFG,4,4,5,26,55,14,135,228,3005,1185,6.233,28.642,62.845,14.717,166.821,270.039,0.802,0.908,0.875,0.951,0.809,0.844,2.153
35,37,37,30,26,24,27,23,19,22,20,19,19,13,10,16,35,25,20,15,44RBFG,2,5,3,8,35,14,130,202,2350,985,4.874,22.399,49.146,12.233,138.665,224.463,0.615,0.357,0.712,1.144,0.938,0.9,-2.252
47,44,43,37,30,26,43,23,19,17,19,16,17,12,14,17,43,31,18,15,44RBFR,2,5,7,17,42,16,120,196,3444,1037,7.143,32.826,72.026,12.879,145.986,236.312,0.98,0.518,0.583,1.242,0.822,0.829,-1.759
38,38,41,40,32,34,63,62,31,36,32,23,14,14,13,14,39,48,31,14,44REFA,3,5,6,14,35,14,87,142,2339,970,4.851,22.294,48.916,12.047,136.554,221.044,1.237,0.628,0.716,1.162,0.637,0.642,-1.041
75,80,,,,96,72,50,35,39,62,48,49,46,27,,78,73,46,41,45RLFB,4,7,5,21,48,8,80,138,2094,614,4.343,19.959,43.793,7.625,86.437,139.919,1.151,1.052,1.096,1.049,0.926,0.986,1.674
74,46,60,58,54,45,43,39,31,30,33,24,38,35,21,23,60,45,30,29,45RLFS,3,7,2,32,64,7,95,143,3133,725,6.498,29.862,65.522,9.004,102.063,165.214,0.308,1.072,0.977,0.777,0.931,0.866,-1.111
73,70,55,65,66,49,43,37,13,24,20,13,11,11,12,23,66,49,18,14,45RMFA,5,7,6,38,87,18,230,365,2724,1435,5.65,25.963,56.968,17.822,202.015,327.009,1.062,1.464,1.527,1.01,1.139,1.116,4.382
46,51,48,42,34,30,28,29,16,22,22,16,18,16,14,15,47,30,19,16,45RNFR,5,7,4,25,47,15,200,313,1867,965,3.872,17.795,39.045,11.985,135.85,219.905,1.033,1.405,1.204,1.252,1.472,1.423,2.575
55,53,58,48,29,32,32,,,,29,15,16,15,10,8,54,31,22,12,45RQFA,1,7,7,15,56,15,173,293,3597,1536,7.46,34.284,75.225,19.076,216.233,350.025,0.938,0.438,0.744,0.786,0.8,0.837,-3.684
32,29,28,25,22,19,22,23,13,20,11,9,9,11,8,8,29,22,13,9,46RXFY,2,5,2,8,21,9,84,144,1357,854,2.815,12.934,28.379,10.606,120.223,194.61,0.711,0.619,0.74,0.849,0.699,0.74,-2.569
40,36,32,23,21,20,24,27,22,25,21,16,18,19,14,15,33,23,21,17,47SCFF,4,6,11,34,78,18,216,348,3283,1187,6.809,31.291,68.659,14.742,167.102,270.495,1.615,1.087,1.136,1.221,1.293,1.287,0.506
27,29,23,27,24,24,23,27,16,19,15,13,14,14,11,12,27,25,16,13,47SCFT,5,6,8,32,76,11,169,255,3261,1338,6.764,31.082,68.198,16.617,188.359,304.905,1.183,1.03,1.114,0.662,0.897,0.836,3.596
47,37,36,33,35,35,29,24,20,21,22,15,17,17,13,14,38,31,20,15,47SCFU,4,6,6,28,62,18,187,303,3736,1520,7.749,35.609,78.132,18.877,213.981,346.379,0.774,0.786,0.794,0.954,0.874,0.875,1.187
,108,132,99,97,81,92,28,24,26,19,24,20,17,20,26,113,75,23,21,48SKGK,5,9,6,30,56,13,85,142,1813,525,3.76,17.28,37.916,6.52,73.908,119.637,1.596,1.736,1.477,1.994,1.15,1.187,8.183
11,12,13,11,8,10,9,10,6,6,5,4,9,9,7,8,12,9,5,8,49SQFX,3,9,1,9,14,3,37,56,850,282,1.763,8.102,17.776,3.502,39.699,64.262,0.567,1.111,0.788,0.857,0.932,0.871,-0.908
24,21,33,23,,36,23,23,15,15,14,13,15,13,9,11,25,27,14,12,50SWFK,4,9,3,26,47,1,44,60,1643,362,3.408,15.66,34.361,4.496,50.961,82.493,0.88,1.66,1.368,0.222,0.863,0.727,0.493
53,53,54,55,43,38,34,39,28,24,26,24,27,19,12,13,54,39,26,18,50SWFN,5,9,5,21,64,12,130,233,2083,851,4.32,19.854,43.562,10.569,119.801,193.927,1.157,1.058,1.469,1.135,1.085,1.201,9.076
23,25,27,30,33,32,25,21,17,15,19,14,19,17,13,13,26,28,16,16,50SWFP,5,9,17,57,119,18,193,290,3881,1378,8.05,36.991,81.165,17.114,193.991,314.02,2.112,1.541,1.466,1.052,0.995,0.924,6.112
44,41,47,46,48,45,37,45,28,30,33,23,24,26,16,20,45,44,29,22,50SXFT,4,9,1,9,20,4,44,70,791,372,1.641,7.539,16.542,4.62,52.369,84.772,0.61,1.194,1.209,0.866,0.84,0.826,0.071
26,53,50,53,56,51,52,59,43,43,50,35,23,28,19,22,46,55,43,23,54TNFB,5,9,7,28,70,10,89,170,1428,552,2.962,13.611,29.864,6.855,77.709,125.79,2.363,2.057,2.344,1.459,1.145,1.351,9.227
18,14,14,16,18,20,17,18,14,16,21,15,16,12,10,14,16,18,17,13,54TNFQ,2,9,7,41,95,17,195,332,5950,2516,12.341,56.712,124.434,31.247,354.195,573.348,0.567,0.723,0.763,0.544,0.551,0.579,-1.723
28,31,35,29,33,33,26,31,25,24,28,23,18,16,10,16,31,31,25,15,54TNFR,5,9,15,78,154,30,221,368,5055,2106,10.484,48.181,105.717,26.155,296.476,479.917,1.431,1.619,1.457,1.147,0.745,0.767,4.885
50,61,52,54,49,50,50,54,46,34,58,39,28,28,21,20,54,51,44,24,54TNFT,5,9,5,45,116,35,348,570,4951,2026,10.269,47.19,103.542,25.161,285.214,461.687,0.487,0.954,1.12,1.391,1.22,1.235,3.111
18,24,20,19,18,20,21,16,17,16,18,12,10,10,9,11,20,19,16,10,55TSFB,3,9,2,23,54,10,105,177,3450,1125,7.156,32.883,72.151,13.972,158.374,256.366,0.28,0.699,0.748,0.716,0.663,0.69,-0.907
20,22,25,26,22,26,24,21,17,15,16,12,13,10,8,,23,23,15,10,55TSFG,3,9,1,13,21,2,44,71,728,377,1.51,6.939,15.225,4.682,53.073,85.911,0.662,1.874,1.379,0.427,0.829,0.826,-0.46
26,26,27,24,29,29,26,24,25,24,26,16,13,14,10,11,26,27,23,12,55TSFJ,5,9,10,61,129,13,223,339,2485,1561,5.154,23.685,51.97,19.386,219.753,355.722,1.94,2.575,2.482,0.671,1.015,0.953,3.696
40,43,37,36,34,45,36,33,28,34,33,19,19,19,,,39,37,29,19,55TTFL,4,9,10,62,127,27,353,550,7257,2422,15.052,69.169,151.768,30.079,340.962,551.928,0.664,0.896,0.837,0.898,1.035,0.997,0.571
12,21,16,10,12,16,13,13,12,13,13,9,8,9,7,6,15,14,12,8,55TTFZ,3,9,8,35,82,20,226,358,2917,1917,6.05,27.803,61.004,23.808,269.869,436.848,1.322,1.259,1.344,0.84,0.837,0.82,-0.467
61,58,67,44,42,36,40,28,31,26,26,25,24,26,20,24,58,37,27,24,5706AJ,2,10,5,28,66,16,176,276,3375,1535,7,32.168,70.583,19.064,216.092,349.797,0.714,0.87,0.935,0.839,0.814,0.789,-1.614
59,66,64,48,46,32,39,22,20,16,17,12,20,15,14,16,59,35,16,16,5706AP,5,10,10,67,117,30,232,373,3483,1725,7.224,33.198,72.841,21.423,242.84,393.095,1.384,2.018,1.606,1.4,0.955,0.949,4.727
92,103,68,47,47,45,52,41,36,31,33,24,20,17,11,15,78,46,31,16,6015AA,4,10,9,21,50,21,152,254,1978,811,4.103,18.853,41.367,10.072,114.17,184.811,2.194,1.114,1.209,2.085,1.331,1.374,2.427
76,91,101,75,59,47,47,36,35,37,36,39,33,34,22,27,86,47,37,29,6229AY,5,10,8,22,49,18,213,327,2639,1121,5.473,25.153,55.19,13.922,157.811,255.454,1.462,0.875,0.888,1.293,1.35,1.28,3.712
88,98,99,74,61,51,54,42,37,36,34,38,29,32,21,26,90,52,36,27,6229BA,5,10,12,42,97,27,224,365,3549,1291,7.361,33.827,74.221,16.033,181.743,294.194,1.63,1.242,1.307,1.684,1.233,1.241,2.615
100,142,136,104,91,74,79,58,52,41,42,32,31,33,23,29,121,76,42,29,6229BG,5,10,9,39,89,27,297,450,3599,1374,7.465,34.303,75.267,17.064,193.427,313.108,1.206,1.137,1.182,1.582,1.535,1.437,3.349
70,76,75,57,52,44,51,35,33,27,26,25,21,37,16,22,70,46,28,24,6229BQ,3,10,7,14,42,14,302,466,3174,1660,6.583,30.253,66.379,20.616,233.69,378.282,1.063,0.463,0.633,0.679,1.292,1.232,-0.508
43,49,59,39,36,33,34,29,24,24,26,27,24,24,17,21,48,33,25,22,6229BX,5,10,28,82,172,47,355,585,3884,2266,8.056,37.02,81.227,28.142,319,516.378,3.476,2.215,2.118,1.67,1.113,1.133,7.645
70,81,71,57,49,38,36,29,27,27,26,28,25,25,20,28,70,38,27,25,6229CR,3,10,7,16,46,18,197,320,2496,1145,5.177,23.79,52.2,14.22,161.189,260.924,1.352,0.673,0.881,1.266,1.222,1.226,-0.649
45,55,62,41,40,33,33,25,28,27,26,26,24,25,20,21,51,33,27,23,6229CY,5,10,11,63,118,23,182,299,3887,1304,8.062,37.048,81.29,16.195,183.573,297.157,1.364,1.7,1.452,1.42,0.991,1.006,5.021
113,112,91,93,76,54,59,35,25,24,23,21,20,26,22,29,102,56,23,24,6334AD,5,10,10,52,108,23,176,294,2614,987,5.422,24.915,54.667,12.258,138.947,224.918,1.844,2.087,1.976,1.876,1.267,1.307,6.7
56,58,48,38,33,29,34,26,22,19,18,17,17,14,14,20,50,31,19,16,6334AF,5,10,11,66,125,27,265,407,3171,1629,6.577,30.224,66.316,20.231,229.325,371.218,1.673,2.184,1.885,1.335,1.156,1.096,4.393
216,141,217,180,164,132,88,67,52,49,54,44,40,38,28,29,189,113,50,34,6341AX,5,10,23,76,173,57,257,477,2952,1286,6.123,28.137,61.736,15.971,181.039,293.055,3.757,2.701,2.802,3.569,1.42,1.628,13.965
148,156,143,149,144,87,64,45,34,29,40,29,24,21,14,28,149,85,33,22,6341BR,5,10,21,68,148,40,319,492,3295,1582,6.834,31.406,68.909,19.647,222.709,360.508,3.073,2.165,2.148,2.036,1.432,1.365,9.866
140,164,117,122,99,71,64,56,38,34,41,34,58,34,21,33,136,73,37,37,6341CE,5,10,15,45,93,16,183,295,3100,904,6.43,29.547,64.831,11.227,127.262,206.004,2.333,1.523,1.434,1.425,1.438,1.432,7.426
127,159,141,138,115,82,80,62,47,41,51,36,35,33,18,28,141,85,44,29,6341CL,5,10,12,56,114,18,190,290,3807,1178,7.896,36.286,79.617,14.63,165.835,268.444,1.52,1.543,1.432,1.23,1.146,1.08,7.28
96,110,85,87,77,56,69,45,31,31,41,33,31,38,22,41,95,62,34,33,6341CS,5,10,29,60,145,28,160,249,3428,809,7.11,32.673,71.691,10.047,113.888,184.356,4.079,1.836,2.023,2.787,1.405,1.351,16.254
81,102,97,91,84,63,57,50,32,29,31,24,24,25,15,15,93,64,29,20,6341DG,4,10,5,35,64,30,213,337,2489,1209,5.162,23.724,52.053,15.015,170.199,275.508,0.969,1.475,1.23,1.998,1.251,1.223,2.014
,157,89,73,66,50,48,39,29,28,45,32,24,25,15,16,106,51,34,20,6341DJ,5,10,11,47,116,39,329,551,3935,1576,8.162,37.506,82.294,19.573,221.864,359.14,1.348,1.253,1.41,1.993,1.483,1.534,8.656
120,100,91,87,79,61,49,47,33,27,38,29,26,49,29,37,100,59,32,35,6341DK,5,10,14,38,85,44,285,504,3206,1642,6.649,30.558,67.048,20.392,231.156,374.18,2.105,1.244,1.268,2.158,1.233,1.347,5.242
,111,63,56,50,36,32,27,24,17,27,19,22,23,14,16,77,36,22,19,6341DS,5,10,28,115,227,54,279,471,4514,1846,9.362,43.025,94.403,22.926,259.874,420.668,2.991,2.673,2.405,2.355,1.074,1.12,15.28
95,107,107,86,81,66,52,45,31,27,38,27,24,26,16,31,99,61,31,24,6341EC,5,10,26,85,180,49,390,613,4550,2465,9.437,43.368,95.156,30.613,347.015,561.726,2.755,1.96,1.892,1.601,1.124,1.091,5.292
71,72,60,52,38,28,35,27,33,26,28,24,25,24,18,22,64,32,28,22,6342AG,5,10,6,62,98,17,252,383,2416,1307,5.011,23.028,50.527,16.232,183.995,297.84,1.197,2.692,1.94,1.047,1.37,1.286,2.979
38,38,40,31,24,18,16,13,17,17,18,15,11,10,8,10,37,18,17,10,6343AD,5,10,11,75,145,26,243,366,4117,1519,8.539,39.241,86.1,18.865,213.84,346.151,1.288,1.911,1.684,1.378,1.136,1.057,5.812
111,99,82,74,66,69,65,69,,58,30,29,15,18,15,17,92,67,39,16,6343AF,5,10,3,27,51,17,140,246,789,849,1.636,7.52,16.501,10.544,119.52,193.471,1.833,3.59,3.091,1.612,1.171,1.272,8.325
155,174,136,126,92,67,80,58,29,45,35,21,18,21,24,25,148,74,33,22,6347AL,5,10,5,39,59,16,180,270,2009,945,4.167,19.148,42.015,11.736,133.034,215.347,1.2,2.037,1.404,1.363,1.353,1.254,4.718
79,80,73,60,57,40,51,40,42,22,45,35,25,23,30,33,73,47,36,28,6347AN,5,10,21,96,199,26,205,311,5294,1553,10.98,50.459,110.715,19.287,218.626,353.899,1.913,1.903,1.797,1.348,0.938,0.879,10.283
90,87,91,73,61,42,46,39,34,31,33,28,18,19,18,,85,47,32,18,6348AM,5,10,8,96,165,25,313,469,4513,1678,9.36,43.015,94.382,20.839,236.224,382.384,0.855,2.232,1.748,1.2,1.325,1.227,6.04